Date,DBC,EEM,EFA,FXE,FXY,GLD,IEF,IWM,LQD,SLV,SPY,TLT,UUP
1993-02-26,,,,,,,,,,,0.01066931337676058,,
1993-03-31,,,,,,,,,,,0.0223993014255095,,
1993-04-30,,,,,,,,,,,-0.02558795036185335,,
1993-05-28,,,,,,,,,,,0.02696973443918771,,
1993-06-30,,,,,,,,,,,0.0036070273627901717,,
1993-07-30,,,,,,,,,,,-0.004854350110013783,,
1993-08-31,,,,,,,,,,,0.03832772604252588,,
1993-09-30,,,,,,,,,,,-0.007276180309946367,,
1993-10-29,,,,,,,,,,,0.01972791157626519,,
1993-11-30,,,,,,,,,,,-0.010674144236863414,,
1993-12-31,,,,,,,,,,,0.012277304244461718,,
1994-01-31,,,,,,,,,,,0.0348760633596672,,
1994-02-28,,,,,,,,,,,-0.029163670372744033,,
1994-03-31,,,,,,,,,,,-0.04190168490769142,,
1994-04-29,,,,,,,,,,,0.011212839938217867,,
1994-05-31,,,,,,,,,,,0.015938162042802295,,
1994-06-30,,,,,,,,,,,-0.02291357970328456,,
1994-07-29,,,,,,,,,,,0.03232611263957774,,
1994-08-31,,,,,,,,,,,0.03812104050265974,,
1994-09-30,,,,,,,,,,,-0.025255210157424934,,
1994-10-31,,,,,,,,,,,0.028426601355646675,,
1994-11-30,,,,,,,,,,,-0.03981562408825645,,
1994-12-30,,,,,,,,,,,0.007281916765112362,,
1995-01-31,,,,,,,,,,,0.03360846780542093,,
1995-02-28,,,,,,,,,,,0.04080925138477043,,
1995-03-31,,,,,,,,,,,0.02784764076270596,,
1995-04-28,,,,,,,,,,,0.02962239381164089,,
1995-05-31,,,,,,,,,,,0.03967307550544463,,
1995-06-30,,,,,,,,,,,0.020229230287800215,,
1995-07-31,,,,,,,,,,,0.032166203795573,,
1995-08-31,,,,,,,,,,,0.0044521595827329286,,
1995-09-29,,,,,,,,,,,0.042376179268432734,,
1995-10-31,,,,,,,,,,,-0.0029391406998813263,,
1995-11-30,,,,,,,,,,,0.04448017428835649,,
1995-12-29,,,,,,,,,,,0.015733267805531304,,
1996-01-31,,,,,,,,,,,0.035577869259355355,,
1996-02-29,,,,,,,,,,,0.0031901637981486264,,
1996-03-29,,,,,,,,,,,0.017217668344934323,,
1996-04-30,,,,,,,,,,,0.010869975631648154,,
1996-05-31,,,,,,,,,,,0.02270017218237519,,
1996-06-28,,,,,,,,,,,0.008821890189764314,,
1996-07-31,,,,,,,,,,,-0.04493602409622521,,
1996-08-30,,,,,,,,,,,0.01925835954323718,,
1996-09-30,,,,,,,,,,,0.055872962510903346,,
1996-10-31,,,,,,,,,,,0.032331468436175737,,
1996-11-29,,,,,,,,,,,0.07300413931348393,,
1996-12-31,,,,,,,,,,,-0.023797273079246173,,
1997-01-31,,,,,,,,,,,0.06178576292597748,,
1997-02-28,,,,,,,,,,,0.009565318495837083,,
1997-03-31,,,,,,,,,,,-0.0441230482254108,,
1997-04-30,,,,,,,,,,,0.06260383882412235,,
1997-05-30,,,,,,,,,,,0.06320698610514985,,
1997-06-30,,,,,,,,,,,0.04110293388336084,,
1997-07-31,,,,,,,,,,,0.07926362717903568,,
1997-08-29,,,,,,,,,,,-0.051802689286072234,,
1997-09-30,,,,,,,,,,,0.04808981318034977,,
1997-10-31,,,,,,,,,,,-0.024503485059147234,,
1997-11-28,,,,,,,,,,,0.03869687585110526,,
1997-12-31,,,,,,,,,,,0.01907186505646985,,
1998-01-30,,,,,,,,,,,0.01287787206985036,,
1998-02-27,,,,,,,,,,,0.06929472756270405,,
1998-03-31,,,,,,,,,,,0.04878351405616543,,
1998-04-30,,,,,,,,,,,0.012791485290147175,,
1998-05-29,,,,,,,,,,,-0.020768824325595903,,
1998-06-30,,,,,,,,,,,0.04257317408217398,,
1998-07-31,,,,,,,,,,,-0.013513659434971181,,
1998-08-31,,,,,,,,,,,-0.1411801056332771,,
1998-09-30,,,,,,,,,,,0.06364039854868375,,
1998-10-30,,,,,,,,,,,0.08107998845281661,,
1998-11-30,,,,,,,,,,,0.05568218434778549,,
1998-12-31,,,,,,,,,,,0.06542255500347327,,
1999-01-29,,,,,,,,,,,0.03522541125579037,,
1999-02-26,,,,,,,,,,,-0.032068378231492445,,
1999-03-31,,,,,,,,,,,0.041467853306461855,,
1999-04-30,,,,,,,,,,,0.03797510131532977,,
1999-05-28,,,,,,,,,,,-0.02286641764970654,,
1999-06-30,,,,,,,,,,,0.05537832778576979,,
1999-07-30,,,,,,,,,,,-0.03102178202857886,,
1999-08-31,,,,,,,,,,,-0.005178317044661318,,
1999-09-30,,,,,,,,,,,-0.022337360800561812,,
1999-10-29,,,,,,,,,,,0.06407752962861091,,
1999-11-30,,,,,,,,,,,0.016651595580190692,,
1999-12-31,,,,,,,,,,,0.05710889574976119,,
2000-01-31,,,,,,,,,,,-0.0497871315483126,,
2000-02-29,,,,,,,,,,,-0.015226037614648691,,
2000-03-31,,,,,,,,,,,0.09691435402124005,,
2000-04-28,,,,,,,,,,,-0.03512030198747196,,
2000-05-31,,,,,,,,,,,-0.015722689963127534,,
2000-06-30,,,,,,,,0.08682688281161988,,,0.01968189897045347,,
2000-07-31,,,,,,,,-0.02766427599686927,,,-0.015702282102709186,,
2000-08-31,,,,,,,,0.06965111213257047,,,0.06534076311683101,,
2000-09-29,,,,,,,,-0.03276627518497366,,,-0.054861867811696885,,
2000-10-31,,,,,,,,-0.04463236601889964,,,-0.004678574417173675,,
2000-11-30,,,,,,,,-0.0997474135753843,,,-0.07465250239678967,,
2000-12-29,,,,,,,,0.07924115386520025,,,-0.005226322548943618,,
2001-01-31,,,,,,,,0.05378617809160646,,,0.04445852577728249,,
2001-02-28,,,,,,,,-0.0668981665823618,,,-0.09538764851872461,,
2001-03-30,,,,,,,,-0.04639599068511202,,,-0.05603692635739377,,
2001-04-30,,,,,,,,0.08258927913420111,,,0.08544040901549832,,
2001-05-31,,,,,,,,0.021649825892132712,,,-0.0056061000060940724,,
2001-06-29,,,,,,,,0.031102919564142795,,,-0.023828662779029175,,
2001-07-31,,,,,,,,-0.05564208610777943,,,-0.010196478771154482,,
2001-08-31,,,,,,,,-0.024317530764928708,,,-0.05933239032840165,,
2001-09-28,,,-0.09619824009497924,,,,,-0.14580828334744833,,,-0.08162970431690719,,
2001-10-31,,,0.018241141945300576,,,,,0.06500104670250617,,,0.013021680379009082,,
2001-11-30,,,0.03344346046626678,,,,,0.07638098613279465,,,0.07797659830969783,,
2001-12-31,,,0.006095882063107849,,,,,0.05491443781813721,,,0.00563916171993295,,
2002-01-31,,,-0.05783750579039848,,,,,-0.0015566242296725097,,,-0.00979850479444977,,
2002-02-28,,,0.01201094783783363,,,,,-0.031185482687286603,,,-0.017936350421288272,,
2002-03-28,,,0.055823978190657986,,,,,0.07529031720443746,,,0.03327088667704081,,
2002-04-30,,,0.015237288998358745,,,,,0.011988350879010623,,,-0.05815536462292892,,
2002-05-31,,,0.005331014343599616,,,,,-0.047384093069837485,,,-0.005934149089599439,,
2002-06-28,,,-0.03287639202681336,,,,,-0.05812722203250864,,,-0.07380756131989219,,
2002-07-31,,,-0.0953182778136692,,,,,-0.13348066894439303,,,-0.07881931697908318,,
2002-08-30,,,-0.009790586859029227,,,,0.025206812210512908,-0.0063654634613729,0.03637551789519833,,0.006801130678355305,0.055131866453564715,
2002-09-30,,,-0.10357810344367979,,,,0.03854792464090573,-0.08022184116706277,0.02091259139244661,,-0.10485222035133035,0.04259095073469443,
2002-10-31,,,0.0383403981808621,,,,-0.012508533209730444,0.04122970285625738,-0.006107839129169568,,0.08228387978351859,-0.0369435299465698,
2002-11-29,,,0.056145400992253736,,,,-0.020892086832711154,0.08469836522590635,0.0071598695148982205,,0.06168104840656019,-0.009160671359283556,
2002-12-31,,,-0.03348376272109921,,,,0.035476877150488084,-0.05733781281077566,0.03927865000095032,,-0.05656921303390061,0.045254541444291085,
2003-01-31,,,-0.043025599190079644,,,,-0.007662159325070528,-0.020709603279157607,-0.008112803883168818,,-0.02459534136163366,-0.0057590789112251795,
2003-02-28,,,-0.021108509600714087,,,,0.022039785230481668,-0.030038097023912802,0.019797782282237275,,-0.013479394549402723,0.030974676333945128,
2003-03-31,,,-0.023180529322595955,,,,-0.003799460951531053,0.002138559710913812,0.0012072596005543446,,0.0021398710408842003,-0.013648168868057753,
2003-04-30,,,0.1016557539090186,,,,0.0013788962588401343,0.10277734782558845,0.02357761846858142,,0.0846123451827272,0.010483243211429905,
2003-05-30,,0.09122780068105452,0.06452237145247275,,,,0.03790937108670933,0.10869069955219546,0.03905388366639029,,0.0548358407669427,0.0631962502719754,
2003-06-30,,0.0419743521557947,0.019388312730945323,,,,-0.00691558127071501,0.011542391104055083,-0.0018029353248881774,,0.01065196843703875,-0.01806785606428951,
2003-07-31,,0.05671415927405765,0.015141838352138892,,,,-0.050200978496825144,0.06501753992372183,-0.05806088847055069,,0.018026567042040087,-0.0998073556644411,
2003-08-29,,0.07987339562072138,0.03292400412166896,,,,0.007100988059258739,0.047844942866139606,0.014508306738727939,,0.02062612828753152,0.01305455612713069,
2003-09-30,,-0.006504449422025105,0.03020176064715674,,,,0.04975411950191022,-0.019475834563658978,0.04537538798475449,,-0.010905896559569861,0.05934363704660828,
2003-10-31,,0.09181172248337655,0.06495695781325272,,,,-0.014664036368064348,0.08706866743939878,-0.012631017024542057,,0.05352673436742683,-0.030311529493466938,
2003-11-28,,0.018798952054295714,0.02528106798112484,,,,0.00022494174623322039,0.03744040218037337,0.0030720029806097227,,0.01092105615245953,0.003394262262900849,
2003-12-31,,0.08984518048192358,0.08737541916135783,,,,0.020402223560833432,0.018044322152145797,0.025719092727707782,,0.050312775408771104,0.013434718447248084,
2004-01-30,,0.024217733274574105,0.011258650490088673,,,,0.010153741743037736,0.04332127699531907,0.012209611302826495,,0.019769972954702508,0.01860587828135074,
2004-02-27,,0.039547065998183806,0.022990245336181214,,,,0.01611848441500152,0.009515529329720662,0.015070290278959675,,0.013570820583479692,0.022819916792258255,
2004-03-31,,0.005500114742190254,0.0007066967185760387,,,,0.012970209677449107,0.009561142884766838,0.009890908512739882,,-0.013245424217608992,0.014110310774327006,
2004-04-30,,-0.09800534561580576,-0.03389808852378462,,,,-0.04346206725527746,-0.055186992058928186,-0.03887635569999148,,-0.018922192897159795,-0.06235287440460169,
2004-05-28,,0.01168633907087302,0.011403495601110869,,,,-0.00531127415428434,0.021510328367582154,-0.005232115287748473,,0.017124037794767233,-0.002580870119236245,
2004-06-30,,0.009241539901681195,0.03353578005729263,,,,0.006532843687584444,0.042310064806518444,0.0012639211866192213,,0.01850078517948095,0.0105348021274978,
2004-07-30,,-0.036379603710412156,-0.04265771539960084,,,,0.012116906661647997,-0.0677172942746096,0.015625445683547623,,-0.03221798983489699,0.015314778829283116,
2004-08-31,,0.03531362905004265,0.011906930288360762,,,,0.02829731123735857,-0.015090462488803413,0.030808637871848843,,0.002436074284976497,0.04165697340426355,
2004-09-30,,0.0697668326813945,0.020717319588214878,,,,0.003224032320711112,0.053334164774012205,0.003114579154631425,,0.010037057772472657,0.009494600930924024,
2004-10-29,,0.028463824544379124,0.035007126908342734,,,,0.00989179574070942,0.02055331908714053,0.011829598449103473,,0.012884497115356552,0.017647482324655517,
2004-11-30,,0.09948743424252116,0.06081287841656624,,,,-0.019778590585209588,0.0920045945424608,-0.012199626320947732,,0.04451767780507132,-0.023958542955146878,
2004-12-31,,0.047460006668722965,0.04806781302062468,,,-0.029255313077842793,0.011673891136222636,0.023904847498745108,0.013909954644858447,,0.030120663734157338,0.026589211422379133,
2005-01-31,,-0.005301086262883392,-0.019033102387055356,,,-0.03607301470043256,0.008710970459622436,-0.04061765958090169,0.012284366018185278,,-0.02242129119482128,0.03568576329684214,
2005-02-28,,0.0968220862956688,0.03785004283615967,,,0.03102789011648288,-0.013683602993546873,0.01641994855653972,-0.00936230126080595,,0.020903631695218028,-0.014722245899196351,
2005-03-31,,-0.07910214699021956,-0.02623331632136472,,,-0.01631056982272039,-0.004034194747178255,-0.0283480280463535,-0.012622954477487514,,-0.018292074674602588,-0.004545891340998143,
2005-04-29,,-0.012476167881832256,-0.016177022937714614,,,0.01237736532167566,0.025164725636886986,-0.056569776752588896,0.01621661430531729,,-0.01873537838636241,0.03865196852202546,
2005-05-31,,0.031608019873784476,-0.00863721709908527,,,-0.03921561725675826,0.018382375591213584,0.06464794087696824,0.006226927787123415,,0.03222461363742024,0.03137584046785902,
2005-06-30,,0.03968992758518697,0.014327295322975386,,,0.042977119693930366,0.004783092597382854,0.04076293591593805,0.012197762747155005,,0.001515415198661163,0.02164764008737685,
2005-07-29,,0.07681554770713994,0.029967287727682868,,,-0.014272535715587287,-0.021868557880560524,0.06577719977751229,-0.008264720490299249,,0.038261300749980354,-0.03380777096114518,
2005-08-31,,0.013229658423188573,0.0383617483760883,,,0.01354511525428137,0.020004322816194575,-0.020032727157530572,0.015031879072787024,,-0.009374656410582882,0.034764378971218424,
2005-09-30,,0.08653392323138864,0.03694468010013208,,,0.07603684610685546,-0.01752300021251285,0.0009479721809326769,-0.01860903075425946,,0.008025534064297624,-0.03612905735606331,
2005-10-31,,-0.06338424450100522,-0.031841768349701094,,,-0.006423966427397176,-0.012392030119488529,-0.03931298133295347,-0.015817808609047246,,-0.023650938943181488,-0.02240960825907956,
2005-11-30,,0.057862115809135695,0.0231111796282486,,,0.05818958748818792,0.006253172680746655,0.057541511538401036,0.006568959821129372,,0.04395229458434535,0.006903402658704927,
2005-12-30,,0.06105912354996601,0.051825752135352676,,,0.05050923490844328,0.013659065622427802,-0.0069997855018246735,0.008609755727632562,,-0.001913618270954709,0.02981746780005201,
2006-01-31,,0.1419827987060036,0.05771527068484339,0.02844163444158343,,0.09926325610950593,-0.007031842500806129,0.08438242511690008,-0.004363686648073628,,0.024014287310043514,-0.013384560936727352,
2006-02-28,,-0.038499406477681464,-0.006999869689662819,-0.01790699336924173,,-0.011111129799614039,-0.0010358256057084736,0.0031788030136756795,0.006824224671031498,,0.005725622947133413,0.011079091217941706,
2006-03-31,0.027908998115034223,0.021671682786040147,0.04005119906306498,0.018584308638847746,,0.03620472249591011,-0.013578125479019487,0.049089053654855164,-0.016834282452362292,,0.0165038404358826,-0.045698353566852146,
2006-04-28,0.07017551970011415,0.06515142169971155,0.04790535024042031,0.044059500293244014,,0.12030977706278279,-0.006272248972196026,0.0030274059806341125,-0.0020211583862895788,,0.01263184117036631,-0.02752508957361166,
2006-05-31,-0.003903377004276898,-0.11142690179486792,-0.03821842386855723,0.016115244083913627,,-0.013212367941959902,-0.0010678885985727637,-0.05682423558751004,-0.0019000284745411822,-0.08572255949278773,-0.03012067311494737,-0.0019078851087596105,
2006-06-30,-0.008620590502907421,0.0021344003033760828,-0.0006113853776664735,-0.0010138937980912477,,-0.046707203143457665,0.0022961939171364243,-0.0004179571807614302,-0.0008599147768533211,-0.11791259818246047,0.0026077750201054517,0.011782964930080464,
2006-07-31,0.022134476358351973,0.02342904069115681,0.008105103852741324,0.0006724646185494176,,0.031520501708389936,0.01677298518797654,-0.028579488039610634,0.014590087364986237,0.02477780989321321,0.004478690323918677,0.02163265012956095,
2006-08-31,-0.03325604490010792,0.01581701358335108,0.025485340020828806,0.005613342665218957,,-0.013774523970655372,0.017635963557992573,0.02999450203772769,0.022254875921893236,0.13079281958010736,0.02182212650334958,0.030560453921357755,
2006-09-29,-0.042000071215269275,-0.008707360917274198,0.002219174962567294,-0.008627558637701371,,-0.04527210873938614,0.012075378189320807,0.006416094529231087,0.008724200286202688,-0.11287571890368209,0.02700186540876004,0.01914992694035056,
2006-10-31,0.010020888822721785,0.07057939528024515,0.03749064986797168,0.008995584770643994,,0.012947712156690105,0.0053849284689624355,0.05875002598227819,0.01001396307263902,0.07134742993479581,0.03151618070716378,0.008466498307960313,
2006-11-30,0.0657298923054277,0.05984558491639147,0.03072975781515286,0.039837860291217275,,0.06889106234313203,0.013114493376674918,0.024137342151625774,0.014613241509948915,0.13857196051284482,0.019885695663453218,0.02308236412361464,
2006-12-29,-0.023199591012121767,0.054597998410359505,0.031972178903528325,-0.0013282407901885618,,-0.018325831904969392,-0.012756679053487763,0.0037287628001463347,-0.008960355175980372,-0.07903780491052137,0.01337143465781665,-0.02695723245074455,
2007-01-31,-0.02400330268262707,0.0011388859965508757,0.013930657769837707,-0.009364730759108708,,0.02562890001654794,-0.004001900590331897,0.016916589271374516,0.0009378044199872537,0.05068403741688887,0.015039815184889838,-0.009950498913376626,
2007-02-28,0.050854449391110945,-0.03237092336467562,-0.0012122983669354825,0.017067301895323572,,0.025451202827030173,0.020549193497484852,-0.006552879120113708,0.020004249878193603,0.04505772530891217,-0.019617088160858387,0.033888440178446944,
2007-03-30,0.0067434206236327565,0.05334498191013348,0.028995199556678397,0.011930719311909366,0.0035452069561106025,-0.011131249335096238,-0.001381613540627269,0.009802259646515044,-0.006749748508943831,-0.05472564697265625,0.011588815323937851,-0.01700251174949452,
2007-04-30,0.007486145010529022,0.03725346675345809,0.037483511935685554,0.024913264568969806,-0.014130911141270075,0.02053542010936238,0.006064724613765726,0.016236639940865993,0.008916076242871274,-0.001273232329473073,0.04429559942021366,0.009049983998852484,-0.012101767373554506
2007-05-31,-0.002346484539276328,0.05064548351537379,0.023622883270956407,-0.012383734106003574,-0.018514130783057303,-0.023103227112383773,-0.01393402267798094,0.043720585340477625,-0.012308336327422342,0.0035995752198010322,0.03392013686454742,-0.023137778483076632,0.017558249578861984
2007-06-29,0.007448179791053056,0.036783278861590274,-0.0032086799439801084,0.009010880786301412,-0.011318003235970098,-0.01937754431980876,-0.004677236092759163,-0.014382358799419848,-0.008099751172065961,-0.07718747392324687,-0.014620886530369859,-0.010135076351973638,-0.0016051701751029768
2007-07-31,0.019066097406502225,0.007141353316331589,-0.022904213134161133,0.01404695014820767,0.03815852481088755,0.023650293322754035,0.022569124281170305,-0.06996417941034783,-0.008241449393430411,0.036599161971268446,-0.031309838053996675,0.033190483031426465,-0.009244358013770437
2007-08-31,-0.019091279828611585,0.01040929553773351,-0.006335923826575884,-0.001600742307488967,0.02347644584902664,0.011095846137414656,0.022630764896640176,0.02127183691321788,0.023862226058747993,-0.0628026791081856,0.01283268082413902,0.017877333711131538,0.005679585657085928
2007-09-28,0.09420016011990517,0.1157150415181547,0.053175555032567434,0.04993899066441698,0.007877668067421961,0.1050812664749683,0.0008816923838916857,0.0189823244096754,0.007333620317391265,0.1381063150519264,0.03871417487798978,0.0022819064232229014,-0.029850857901535743
2007-10-31,0.08502307392964248,0.11870186889757117,0.042499012236391964,0.017471652523116,-0.004482751605154434,0.0695143580717299,0.010769865334159023,0.028486046098570528,0.009646658283642306,0.05162943518803376,0.01356650495349987,0.018161461916159194,-0.012473938143475527
2007-11-30,-0.006229531270620758,-0.07649971670350708,-0.03623659986712813,0.014145474444606565,0.0374090502359643,-0.016535271004099905,0.040476201296174574,-0.06887728903121237,0.010195462506243924,-0.032033429606182384,-0.03873213099226791,0.0535122223524267,0.002947503521897765
2007-12-31,0.06704242825446949,-0.014067187339079745,-0.029813359643811044,0.00034183396945142164,-0.0027824151835907918,0.06647697115798756,0.0005052777778915551,-0.006449925968776471,-0.008034058069203653,0.05733812613008715,-0.011260996186055139,-0.006276608788227556,0.0032638224007348615
2008-01-31,0.02915071053858531,-0.08922113602893289,-0.07847097523281177,0.02234196692351098,0.048102737292268216,0.10841623260567879,0.03355965221377111,-0.06534921261776827,0.02565828727734587,0.14431525539583245,-0.060461367529923704,0.02095824458531914,-0.010970448830498913
2008-02-29,0.11145328725338266,0.019943030951367735,-0.010229522413094716,0.02323462221629291,0.02363958582406389,0.052297578769114894,0.01239320495126317,-0.029320365687823813,-0.007062913011745997,0.1694611927494898,-0.025842137355184702,-0.004553190019202402,-0.02090440360201906
2008-03-31,-0.009141241777281484,-0.03753050170696515,0.004190039207677687,0.042211516802653115,0.042754610712375074,-0.059991647169457374,0.013371702281472775,-0.006658167552823113,-0.005971686287914779,-0.1335671648970257,-0.008942246401896559,0.021388396743161397,-0.023965210998956876
2008-04-30,0.060385803062335874,0.09138267272834733,0.05438099249705264,-0.00820528266739462,-0.042797296557783415,-0.0415883418198143,-0.024174208375469908,0.0455414142671402,0.012447189467672093,-0.018836984094720677,0.047662211134635646,-0.02486328362503487,0.009375117362124152
2008-05-30,0.06907456830962544,0.03163783772272599,0.011871535535278088,-0.00017966588888729262,-0.013548676015743388,0.009232491728512704,-0.017773802056776367,0.04579768928573036,-0.022051924161360703,-0.002810943755457873,0.015116104898864613,-0.026882302109752065,0.004422658773755028
2008-06-30,0.10431552585853465,-0.09269488280995086,-0.08786778749893354,0.014124065727584734,-0.0079239301416697,0.0451687217321981,0.011458682950443277,-0.07526457178741719,-0.01291766726424115,0.03538656154914266,-0.08357560600233771,0.02653693598993878,-0.00968741181990751
2008-07-31,-0.09781132735149412,-0.055040353123699814,-0.03320246083000389,-0.005426026198114053,-0.01576148384327436,-0.014442009549097135,0.007205974719868724,0.036730384459214616,0.0039020993794549597,0.015466615930730399,-0.008985499795385876,-0.003673157355422396,0.010226852657631902
2008-08-29,-0.06534669359138712,-0.06315757998140137,-0.042476269370882336,-0.05674919563177716,-0.008331493814345836,-0.09291743535130015,0.01526723390726481,0.03575528243235726,0.0014474480188768624,-0.23730750930634859,0.015453384834329231,0.02739252503882028,0.05369723448331598
2008-09-30,-0.10248937072933395,-0.14681670244155864,-0.11436212040163074,-0.03960042748038162,0.024331649649884213,0.04112104574714248,-0.001403903378277116,-0.0775154548006719,-0.10730484106190086,-0.1136873236424708,-0.09417334869164151,0.014758571154628752,0.020885547281546346
2008-10-31,-0.25081141777857463,-0.25577984833880074,-0.20834816016356938,-0.09121932594949111,0.07552198737444082,-0.1613965370422935,-0.008628573912610626,-0.20955850985054048,-0.019410376513993133,-0.1915612138977948,-0.16518648768143618,-0.018606223230669072,0.08428805645210824
2008-11-28,-0.1236708520067662,-0.09752253465268967,-0.06371995162009148,0.00011785141075804084,0.03317815622086173,0.1257359360970265,0.07753696854339243,-0.11925566538732502,0.0335384454654124,0.06784964756855838,-0.06960672139954427,0.14341299276844177,0.001886766432054765
2008-12-31,-0.032621747962434666,0.10333526412374994,0.08868390027510986,0.1006641480191588,0.0553105508046956,0.07732535516442862,0.0515641158323521,0.04805722094633724,0.1381433899750577,0.09481918968070269,0.009796272599587486,0.1365239426632554,-0.06380537376757445
2009-01-30,-0.04436059053762531,-0.09291129859889713,-0.13731615827319688,-0.08194051063362695,0.007357663865317887,0.055362934597515734,-0.03887290116540376,-0.09666931794127465,-0.01800235317551513,0.11785720276589395,-0.08211454657155459,-0.13070808370120057,0.05103280141106148
2009-02-27,-0.0562960596122849,-0.06269348870874292,-0.10387579400863778,-0.01014809974714359,-0.08007217998766503,0.014456244990885603,-0.007348657450562013,-0.11982945906255515,-0.05204023361947441,0.028753965136958826,-0.1074487615899028,-0.015319811999809918,0.020423806253362153
2009-03-31,0.04657235257825865,0.1686297068770377,0.08391046977246375,0.04835842310460814,-0.014702999895677249,-0.025369734900152596,0.033136911925643275,0.07757651016194256,0.004719021972005244,-0.006987589424551577,0.08331071361717735,0.040474090128255646,-0.031722140081538286
2009-04-30,-0.0009999936830630274,0.155582052101785,0.11518954279715743,-0.003726600048872375,0.003680886977104336,-0.03334074188003566,-0.02745212556437815,0.1538644918386891,0.02776695984315225,-0.045347922238932026,0.09934568579891989,-0.069520647363009,-0.01170045614121007
2009-05-29,0.16266259388488802,0.15940016662038325,0.13191803338646313,0.06855894318535838,0.034691248103616346,0.10232612179073897,-0.02077357464979923,0.03400641256093673,0.02316811625620918,0.26699428490555377,0.058454099353851374,-0.036948935355923695,-0.06353576525060012
2009-06-30,-0.0262591288406977,-0.02249461324096158,-0.01404898889639783,-0.007342841232872432,-0.010729023403874938,-0.052182918942994316,-0.005571069261762318,0.018138802393319553,0.0289137840263054,-0.1351002014552194,-0.0006552324334345716,0.007511341083309198,0.007163793961908027
2009-07-31,0.01856762232582887,0.11014580547882757,0.10041507340558309,0.01526446094619982,0.01733321365075824,0.023799058583926502,0.008316758623078568,0.09171066012499329,0.04632732063535472,0.023916269961675507,0.07460611828017827,0.005759211010474274,-0.024267737819703705
2009-08-31,-0.040364575173433725,-0.01313571889389109,0.04503002673873446,0.005755247328533164,0.016562017262503836,0.0005356513398515617,0.007635012069077574,0.029332414061824963,0.013099898218297712,0.06715329117535895,0.036939584084109356,0.02230937581197745,-0.002572856815852953
2009-09-30,-0.002261456999511968,0.10195383007306624,0.037965479105215305,0.020518137597547836,0.036329561259821785,0.0583511441028417,0.011242692112897856,0.05562596568938338,0.017588984713860167,0.12038298830261684,0.035456880417411574,0.024580943308918357,-0.0202063103996708
2009-10-30,0.06935632853474627,-0.034438367131455316,-0.025237673288162288,0.005402285813265406,-0.0032526256718371505,0.03722812708124823,-0.001378139950142132,-0.06490720985225285,-0.004971079057772609,-0.018925487290920917,-0.019225223997189844,-0.026160687100741264,-0.003949085756442372
2009-11-30,0.045358157587368275,0.0785200082526083,0.03921186483179784,0.01972570399867335,0.041062353080385305,0.12786502259277088,0.020170534518288985,0.03124432826548995,0.01952525451931897,0.12943372515283724,0.06160680062974366,0.01212838198546673,-0.023348220773989348
2009-12-31,-0.0016218669529329821,0.03275835593659249,0.007096321717276366,-0.04675866200322165,-0.0717457376860674,-0.07203391451937635,-0.044028035025073686,0.07924791384887997,-0.02067389987221202,-0.08870516456425703,0.019101226166943652,-0.06345631664565232,0.04104653145831083
2010-01-29,-0.07839164437268442,-0.07759013195354736,-0.05065105092441635,-0.03162860653564081,0.03142292894608434,-0.012580360682460934,0.023702071094137356,-0.03731572536494232,0.012482235725103097,-0.038694151243743535,-0.03634249509954135,0.0269222428578082,0.016031346883216724
2010-02-26,0.0414278791171403,0.017763769227916004,0.0026676201623485607,-0.018353588849089775,0.015369247503430383,0.03274821867388655,0.00331847593052359,0.044751123335055265,0.0050667940798421185,0.010691828954248805,0.031194024167934264,-0.003423970797207798,0.008102228456029037
2010-03-31,-0.0046549271280879045,0.08110862989903023,0.06385383736964023,-0.008244285881096158,-0.05015672545981209,-0.004386396377546897,-0.010568371964245982,0.08230662591437499,0.00651847186860377,0.06658367860261016,0.060880144517417856,-0.020573474719373763,0.006768240005524229
2010-04-30,0.039115490795619046,-0.0016616848619150915,-0.028045667612893843,-0.014547388759165725,-0.00471475705433011,0.05883436293398425,0.016527304964711886,0.05678477712214569,0.019078465757933483,0.06534427532767673,0.015470066887382394,0.033217053449685396,0.00672264296432501
2010-05-28,-0.10147309661557569,-0.09393592187313604,-0.11192777720851699,-0.07833087632582025,0.03249644913315497,0.030513146883171416,0.029331819459789354,-0.07536610835068769,-0.013083226035758844,-0.012595812669954798,-0.07945430046295487,0.051084263861020274,0.05759591059944058
2010-06-30,-0.017759504737600684,-0.013986497253252406,-0.02061934663308318,-0.004086305053251471,0.028537281016326688,0.023553189068376446,0.03048310241679908,-0.07743413575612623,0.03278593307184363,0.009983271823193585,-0.051741270066169354,0.05797868263023376,-0.011049604286204384
2010-07-30,0.06119614323328548,0.10932520175517357,0.11610376021225166,0.06572596130006958,0.022392739925373606,-0.050871157346167206,0.009096656296657901,0.06730895541485249,0.02110729106780629,-0.03459633127075723,0.06830065986642864,-0.009465167791074869,-0.05267363226197552
2010-08-31,-0.030144028379106125,-0.032367374674542426,-0.037950347317312616,-0.027949029892851418,0.02818502094188924,0.05706125282865315,0.033559358675727013,-0.07443850185010592,0.02855408577759433,0.07679183090605668,-0.044980220482434885,0.08391027370078019,0.016006895242440367
2010-09-30,0.0860358408908426,0.11757355106767808,0.09971963451314836,0.07572316488431152,0.006280216008403006,0.04775558440048844,-3.0128757085856606e-05,0.12445334205615377,0.004565690702888814,0.12572631391431455,0.08955446333705419,-0.02520324846115407,-0.053068097443359386
2010-10-29,0.044380163835392006,0.030154190662799563,0.03805580991089941,0.021205843446879147,0.03677153261004751,0.03682269814892791,-7.02302979357361e-05,0.04148121981987396,-0.002628242521308888,0.13420932341750702,0.0382021945390556,-0.04469313016280452,-0.020577780048048222
2010-11-30,-0.004368652679344387,-0.02905461780670371,-0.04823747424745872,-0.06764429604241862,-0.0388025431646043,0.021112978094167678,-0.008981980436236658,0.03485051282278162,-0.016153101602182862,0.1352917024179452,0.0,-0.016892696282779007,0.05051384237499468
2010-12-31,0.09892292789966617,0.07277769137461143,0.08308068843790584,0.02931168726974831,0.0303825002253435,0.024368653791006833,-0.034309060106504585,0.08033396972832563,-0.007519693920827297,0.09985421712063625,0.06685219351376048,-0.036990620768180826,-0.033616975634172985
2011-01-31,0.03557171066822118,-0.038412874825275445,0.020955222275257146,0.02472047985428749,-0.010924039680120567,-0.06379762129208244,-0.00021405338627356052,-0.003706389976283031,0.00036882925472414563,-0.09244535743257976,0.023299713906832054,-0.03081192350027162,-0.015411745970850377
2011-02-28,0.04171033659491741,-0.00043659839746912343,0.03549754884326228,0.0076987008493871745,0.0026573633922102324,0.05998312803425154,-0.0020834459053411525,0.055419994469500855,0.010801107158320722,0.2088353905865692,0.03473766858189653,0.016500700871563856,-0.012074988357034355
2011-03-31,0.026581680712699063,0.06289578237508642,-0.023882762750588538,0.02714834819805012,-0.016398838517233116,0.01598138086384293,-0.0015456408466923977,0.025230336022829647,-0.005406084868105454,0.11054061552230365,0.00011986888326953604,0.00029346106539129835,-0.013580789090801182
2011-04-29,0.04555872662723148,0.027326810045991357,0.05625811784743395,0.04519719467729599,0.024755765907104266,0.08944654978008071,0.01841223101126399,0.02637547161227527,0.02504358796071271,0.2749524200295983,0.02896191269784998,0.023392135149165494,-0.03854978732821068
2011-05-31,-0.05172420133744804,-0.029400105428733614,-0.022060827862329213,-0.02792588084761438,-0.005258828313041142,-0.017916885312225905,0.025055865825118984,-0.017941885652029366,0.012695555379689027,-0.19795226925252363,-0.01121472681883895,0.03422787864445631,0.018615717561063727
2011-06-30,-0.04264469814286509,-0.0093546108549446,-0.012107726816187991,0.0079883680056958,0.01214274946595495,-0.024325042799353547,-0.005043855063523894,-0.024044951210231646,-0.007971891861512703,-0.09999995941811257,-0.016869692030855865,-0.023230368427306636,-0.0056232572759764565
2011-07-29,0.045580219495833685,-0.010294015573573345,-0.023777601806103332,-0.00889041604812646,0.04586627905963114,0.08417803620638908,0.03169482180501637,-0.03406243911727558,0.02430181558965394,0.1480495951224181,-0.020004369503866193,0.04414550160140962,-0.00895379560431453
2011-08-31,-0.0039629870864287264,-0.09254927933628321,-0.08754915540247676,0.00015399857352238477,0.004838161572425781,0.12274943937515781,0.04651434695973289,-0.08891357951275747,0.003402756716321953,0.041184101715838084,-0.0549758142485256,0.09667496163984746,0.0019019772246939848
2011-09-30,-0.14622017542127386,-0.17894763078494214,-0.1080830023050704,-0.06723733436207535,-0.0075328196669990355,-0.11062347246832638,0.02237016281587101,-0.11150325955099483,0.0035121653668537256,-0.2852904993292451,-0.06942075384987423,0.13206161144778195,0.058851531024677994
2011-10-31,0.07650485698883247,0.16267799690986595,0.09627478551122737,0.03325309270281562,-0.013928062333226299,0.0587118747477946,-0.012864360814932252,0.1510109953197405,0.025095154470393233,0.15669314435165527,0.10914697734361245,-0.03829256652626056,-0.03316918705685856
2011-11-30,-0.002885984799991692,-0.019602791566128652,-0.021763872008411123,-0.02889040621526673,0.007617891917472974,0.016672693952307194,0.005798198890708539,-0.003783283310227814,-0.03156559687717375,-0.043062161658070086,-0.004063505577630133,0.019890884983004176,0.022716808147464906
2011-12-30,-0.02894354139454025,-0.04264851433643857,-0.02174949487340716,-0.036738875632685186,0.007481468917368117,-0.10662433944055594,0.019875929376105272,0.005150910055905511,0.034881407968568645,-0.15812498331069946,0.010448115366953337,0.034448913826654826,0.018585665390542516
2012-01-31,0.03688522350981205,0.10991065952752144,0.05269530423750868,0.010471300900895875,0.009380165518440675,0.11395480912860867,0.008620393332254173,0.07145713311014412,0.021448663542994018,0.19821819374088046,0.04637450548702682,-0.0032994204029933583,-0.015576053030153747
2012-02-29,0.05353945552450301,0.05271915902563551,0.048331303017040694,0.018039984518690932,-0.06272752882543842,-0.029649780549572347,-0.01099899770792323,0.025689868131940186,0.016328209303195784,0.03934326226115603,0.04340589789744187,-0.02597043709411717,-0.007233634781230069
2012-03-30,-0.017735374867662967,-0.03113018846711313,0.0042079753694848065,0.0007542422878952237,-0.018590432311768934,-0.013208340481005276,-0.01591166794782306,0.024847093884748706,-0.01421139399351401,-0.06467958645724448,0.032163499391021366,-0.04235924568452498,-0.0022767088052216833
2012-04-30,-0.01354177658050515,-0.016996474954121932,-0.02076879153390243,-0.007610504745184765,0.03687493625042815,-0.0014803247076433657,0.025091200826174553,-0.016181763333189214,0.010821134204343386,-0.04047159287380986,-0.00667584140070232,0.04834238165071825,-0.004564120690610962
2012-05-31,-0.11158032944352136,-0.10705815484841164,-0.11144194523615081,-0.06590225347403644,0.018431281061781712,-0.06338034010471139,0.02869511472235975,-0.06579116916786165,0.007572053199151885,-0.10461645506562889,-0.060055414185091416,0.0902527984813053,0.05410353838698745
2012-06-29,0.020205938646375987,0.05035327972151982,0.07043285317660897,0.02316506268055818,-0.019851693037640783,0.02354575543588089,-0.004141752373726493,0.050521385037579414,0.008715422428204223,-0.011498496901690358,0.04058069057701874,-0.016781709788299848,-0.02261852517344376
2012-07-31,0.05825250033753138,-0.0002552652384605336,0.0008009372432746797,-0.028439807602837153,0.022775299876033106,0.008376847936764742,0.014010948428389902,-0.01520865431941798,0.0348293515071485,0.017636068571510455,0.011829758574580573,0.03817285559178685,0.010680936908318062
2012-08-31,0.056513651910616636,0.004089937354964324,0.0319998054653996,0.02191354847761473,-0.002624417108847643,0.04939609851235338,-0.0011736806608662054,0.0353540584224632,-0.0005372082452074212,0.13532448240136863,0.025052526673362774,-0.013188065384460823,-0.018053610199256775
2012-09-28,-0.003820786479565852,0.05218961112228837,0.027132146126916723,0.02168332985713506,0.003109794898811913,0.046705627280061,-0.00348184627332615,0.032609133522110145,0.011001063006716105,0.08736598073150503,0.025350970025879382,-0.02532812188569178,-0.017040522099040167
2012-10-31,-0.03905143988718496,-0.004355648104156673,0.010942998258459458,0.00790967469366266,-0.02273450350533679,-0.029437416816341377,-0.003960859010003648,-0.021691816368402894,0.013461222330876321,-0.06600953150207356,-0.018198405085707914,-0.004840700016938815,-0.001368642932203512
2012-11-30,0.019593488827155836,0.015553073410528695,0.02780914138691437,0.003030610952452495,-0.031966814927052,-0.004675410721908135,0.009792408721629009,0.005512196280337278,-0.007235053219624921,0.03485769544711559,0.005659999669560767,0.011592138591356216,0.0013705186829124916
2012-12-31,-0.01138774875449633,0.06803606694025488,0.04381162589662657,0.014485699678369768,-0.05024790563475756,-0.02426979045607558,-0.009404073064515739,0.036189413331378706,-0.0033043838138623327,-0.09239801343395837,0.008934304959845152,-0.0248764880756126,-0.005018149101044145
2013-01-31,0.024837975422875136,-0.002931103060187845,0.03728423197737851,0.02871127733205414,-0.051756157987259965,-0.005061148639644464,-0.01293144330422813,0.0623806986085218,-0.01297708661594843,0.0364317216291965,0.05119017500040379,-0.03185331190554097,-0.008711579592220908
2013-02-28,-0.04706718413415267,-0.022840609658730138,-0.012885496503249994,-0.03882129644178445,-0.013248723315003819,-0.05086846838387371,0.011325312505084506,0.010046667686725463,0.01076060985553573,-0.09526936818827014,0.01275849655354988,0.012386177209996463,0.034690219133193256
2013-03-28,0.006634763212148176,-0.010182619153827122,0.013053699907765948,-0.018534477126945226,-0.01616867482916673,0.009477104236877087,0.0028681842769597843,0.04659052848378975,-0.0004673347286752172,-0.004357328803345828,0.03797160254689569,-0.0041937271532441756,0.010281542407930555
2013-04-30,-0.03808121346518378,0.012157889322498727,0.05018664102843862,0.027067533218726236,-0.03450268007680268,-0.0756231330952718,0.015252321540864422,-0.003494706055454655,0.02173514601567872,-0.14442016706064564,0.019211938414676277,0.046848768333453084,-0.01769909358771038
2013-05-31,-0.01560727129574313,-0.04827867314523071,-0.03019042609764,-0.013406929453614658,-0.029862632165439496,-0.06198785346133606,-0.031050092923025185,0.03932022233365795,-0.03217578641934704,-0.0861039483906888,0.023610026921880634,-0.06760919756503381,0.018468558805108115
2013-06-28,-0.028228965767291725,-0.053257948110394415,-0.026779217938497468,0.0011649434096518974,0.012004906422492523,-0.11058839427335088,-0.025461685742898643,-0.008180231478524536,-0.0326757237236871,-0.11520527794668234,-0.01334446646531151,-0.03271281729677733,-0.002211559424564191
2013-07-31,0.031834441727050855,0.013246706128005048,0.053228446644948635,0.021794915487821198,0.013180605170429294,0.0743010530498811,-0.0035267809948731355,0.07334190960138809,0.01106121876570798,0.008961522532806354,0.05167726436753051,-0.022579909894699823,-0.02083327851468675
2013-08-30,0.028152761237091095,-0.02537801529784356,-0.019552451308034513,-0.0068319416843390934,-0.003002132000817004,0.052047484216675155,-0.01422530931757715,-0.03164211144329532,-0.009984019210610762,0.18077330732270402,-0.02999269779596281,-0.013404162175366663,0.00452692969693369
2013-09-30,-0.03375848208010768,0.07206722995255599,0.07824900709377647,0.02300509015319485,-0.0016059022094305764,-0.047838379698351585,0.01846262838109669,0.06489141561699574,0.007419462358956075,-0.07522127142676172,0.03164689453358527,0.006518159568860815,-0.025236726785958674
2013-10-31,-0.0003881525541129527,0.04170755391675662,0.03260168920383144,0.003287272185298118,-0.0009048352888372246,-0.003432632525769086,0.0077772969871350295,0.024200051378042042,0.018080721637080188,0.009569414669373,0.046306255708029376,0.014303877166040868,0.0
2013-11-29,-0.009320242349606267,-0.0025907364450976633,0.005464583218193653,0.0002977660619176703,-0.040652053000417854,-0.055111954229365545,-0.00876298135843101,0.03956442264255822,-0.001393248047370399,-0.08815168610068069,0.029637675904064187,-0.027032694931022005,0.0032363163246931226
2013-12-31,0.005879965120125119,-0.004066099184382721,0.02176148878745976,0.012358000347877152,-0.02706098490413711,-0.03794527189279151,-0.020906121015417667,0.020211302969075362,0.0021489398088845313,-0.02754681356291444,0.02592652226764125,-0.018696058679272154,-0.008294900232460933
2014-01-31,-0.03039766510369779,-0.08636353940128905,-0.05201179182554527,-0.019854696337302413,0.030401030938773,0.03418871423877423,0.030631814752896558,-0.027739320168338244,0.0188283412931205,-0.013896223102916938,-0.03524825821450028,0.06302685198352198,0.014405304047846013
2014-02-28,0.0502411651370025,0.03377850462828058,0.061311053951471406,0.022958034102791958,0.0035571911631853137,0.0627030280482701,0.0035746959082987306,0.0477887942230395,0.011448917681317505,0.10298100487598916,0.04551602988793291,0.005241081260122904,-0.020614069124664014
2014-03-31,-0.0003823973247208956,0.03875382671713812,-0.004591888117318588,-0.002347078530570812,-0.014491236615749581,-0.031421423365686874,-0.005610013877689446,-0.007484582062264766,-0.0002902238037297833,-0.06437343692313835,0.008295356353032135,0.007321675556639873,0.003741896295650804
2014-04-30,0.011102401888447355,0.007802874194603682,0.01666657321228482,0.006689868080616002,0.009626612439020299,0.0049348807324614,0.007582727757402097,-0.037476355243029835,0.013293429291477699,-0.030462279578027163,0.006951384016187223,0.020952174749854446,-0.008387560914266179
2014-05-30,-0.014388569716185629,0.029518459281828946,0.015954602827899178,-0.017672341308560546,0.0036672094003349365,-0.03051039187154414,0.018253381903405863,0.007858212868665948,0.015143628809488385,-0.020585004312715927,0.02320668086073807,0.029494992722512547,0.008928442104497503
2014-06-30,0.021129465068462805,0.024017826641669737,0.009207279845415028,0.004460224498999521,0.004802161813092676,0.06319017654797743,-0.002166854467075874,0.05272060056580008,6.619034064869744e-05,0.12002212862007222,0.020644950874475043,-0.002513139962435851,-0.009781089397570497
2014-07-31,-0.04740402411952549,0.013647684949019023,-0.02603462676849,-0.022424449436794003,-0.016000009511972446,-0.03631673024297155,-0.002205093468792274,-0.060543393816271385,-0.0031948715336309608,-0.03308642352068869,-0.013437829176742855,0.0066415514961435385,0.022577778140524085
2014-08-29,-0.011453280537745192,0.02829821592956927,0.001801855164014654,-0.01930467852498008,-0.011614385859512022,0.0038090706137288155,0.018802477851262545,0.048295844318875014,0.020040609306070323,-0.04443313802979454,0.03946345959361541,0.0472388409539255,0.012879447044003234
2014-09-30,-0.0723134406249949,-0.07767413792044453,-0.03882469331033089,-0.03906161408735109,-0.05138337279384497,-0.061763293138879294,-0.01049488352107808,-0.05927903104484844,-0.016815777772421825,-0.1261356931311387,-0.013796041676172432,-0.02112454422659127,0.03860117089938453
2014-10-31,-0.038759549831680506,0.0141960815932205,-0.0026513267939203278,-0.007953124687995139,-0.024211728062956905,-0.03054810644807593,0.015363072910913544,0.06593491094965276,0.012341988936306114,-0.05198778970262741,0.02355055666696071,0.028185761183911362,0.009619597711574501
2014-11-28,-0.08512541995160006,-0.015421312436704526,0.0006256912129265491,-0.008340756494283563,-0.053548751389954186,-0.00488197260677703,0.012886386024535623,0.0011152415226518553,0.009118115069023824,-0.04322581137380277,0.0274718646766674,0.02967418935914945,0.016457400579698023
2014-12-31,-0.09647398992091893,-0.03963492878415065,-0.03992773941275607,-0.027110790887562408,-0.00975494489597617,0.013112132840068735,0.0012942973618406128,0.028929200878169192,-0.00017260303324084791,0.015509136688732106,-0.0025361134399080054,0.03251381653826657,0.021303668475484816
2015-01-30,-0.056910635215919436,-0.006872041294002762,0.006245744436447209,-0.06647654121078617,0.01970198857479133,0.08689905756357286,0.043023222782210935,-0.0327704405771615,0.03751773455080265,0.09827360256795492,-0.029629632949763285,0.09815740377320714,0.04839392408458565
2015-02-27,0.044252919427868465,0.044079644307171595,0.06337783410129116,-0.009890157503560926,-0.018476015268739654,-0.059052194948123304,-0.0247181077597054,0.059464333836184435,-0.014203916482114942,-0.04050791976312895,0.05620504402962179,-0.061383404267089436,0.0027854846983228487
2015-03-31,-0.06053946387611908,-0.014972920074305174,-0.014285577604012833,-0.040047253189896104,-0.0031988452280427015,-0.021522037888980217,0.008560621178844707,0.017699662486692525,0.001950620315552598,0.003780744804623204,-0.015705888588670613,0.010921452480584737,0.027777745060617365
2015-04-30,0.07147063280196342,0.06852722375364517,0.036465801625275907,0.04408283574844041,0.0044433550390965415,-0.0016716737223684275,-0.006329313066586129,-0.025649127057742693,-0.011871248569549908,-0.0313873189216165,0.009834101028684428,-0.03425108482558736,-0.038223797451929054
2015-05-29,-0.031711607654258955,-0.04104451834550704,0.001954482703339977,-0.022288576398993953,-0.03846150600953124,0.005552104050766671,-0.004163486979151365,0.022363259199954078,-0.011203630997287828,0.036292900509829584,0.01285591281090337,-0.023725005208717898,0.022079320131489943
2015-06-30,0.016375084068412482,-0.029308597140309645,-0.031182286549461202,0.014363962697433008,0.014057488487170477,-0.015162101232906067,-0.01630939342967319,0.007829820219309225,-0.01883122336987042,-0.06003752669721529,-0.0203120440250234,-0.04072003355602927,-0.0168891561636475
2015-07-31,-0.12611107281398248,-0.06309945652469129,0.02031808930900514,-0.015257007980007509,-0.012980451154423034,-0.06620986259282235,0.015184581315282886,-0.011039561854371382,0.008319512044046462,-0.06320690792702599,0.02258932774203215,0.04546032618939844,0.01598080362473331
2015-08-31,-0.0025430390097825883,-0.08836222887446954,-0.07425110182636907,0.02096676157790278,0.021961200554202698,0.03707232801234017,0.0007901123242239905,-0.06310998812185109,-0.00827404811865351,-0.006392056326389728,-0.0609499679741059,-0.0068948104656079146,-0.014549789869887308
2015-09-30,-0.03441668510161322,-0.03132395798557597,-0.044189178662004114,-0.004270763926558674,0.009870076292991303,-0.01801138660144541,0.01579195245288223,-0.049362959690146924,0.011897840106163793,-0.00857754735684968,-0.02551636603610008,0.019668329656650885,0.0015962038046137828
2015-10-30,0.003300234688650594,0.06375837069605206,0.06612015781097491,-0.016608776211958554,-0.005938430608190104,0.022833636790845047,-0.00636895536514015,0.05622701843646549,0.005736156023596006,0.06705121217369747,0.08505974938398864,-0.00408806235299608,0.005976043069571002
2015-11-30,-0.06644732526083341,-0.025236498556487796,-0.00752740553050002,-0.03962528539330945,-0.02003734462882545,-0.06752062833262462,-0.004277088701271747,0.03259927387291839,-0.0015420373890195904,-0.09189193194760592,0.0036553722740715333,-0.008677175774424395,0.032871367523686024
2015-12-31,-0.05849184634636917,-0.038198440233617736,-0.02331878963346501,0.028118721822046,0.024003040905822504,-0.004513334897339405,-0.004530087536407157,-0.05030417084545591,-0.010810175331684269,-0.01860119105694724,-0.017282659924104382,-0.0029716394333938467,-0.016487911494150298
2016-01-29,-0.0434131520388662,-0.05032623547758208,-0.05517717964765445,-0.00404152819050696,-0.007689385319447184,0.054109973519699484,0.03333632267356412,-0.08577509395665872,0.0012281959337576698,0.030326048895368274,-0.04978636711278195,0.0557310665054116,0.008187224035344887
2016-02-29,-0.0023474911871989024,-0.008177805027781315,-0.033345186448198394,0.0037747133175340952,0.0733657662849807,0.10930343875618376,0.014859665698409241,-0.0022340842308148368,0.01051645961884029,0.04488591978132428,-0.0008262248578498887,0.03085959661992632,-0.014307857177289884
2016-03-31,0.042352852079449166,0.12961740818740397,0.06582128634066708,0.04521969336626963,0.0016301745939200085,-0.008428860461434318,-0.0006609101863085387,0.08013468566695825,0.03614625224991941,0.03380285227873414,0.06726607086880088,-0.0009329831732626248,-0.03726943294731089
2016-04-29,0.09706554035094195,0.004087533758928563,0.022218365304738752,0.005936300877968259,0.057079793695913095,0.051088083708025867,-0.001561466238472864,0.016722468343437713,0.015545756374267583,0.15667569409038973,0.003941244176505876,-0.007365146723611882,-0.017929926880441482
2016-05-31,0.00891642259016856,-0.03692917878485358,-0.0008558133308910199,-0.029059477698390235,-0.03926096648897748,-0.061382967032933,-0.0009917487993466034,0.022403868563724227,-0.005124826010103112,-0.10541813958242763,0.017011648574313698,0.008053817721614065,0.030705491915122396
2016-06-30,0.043507847629745466,0.04559111047464426,-0.024193953547651526,-0.0038675733092988773,0.07119964717543836,0.08969501879279118,0.03087591050536309,-0.00017364457098589803,0.03094312764480578,0.175773607881883,0.0034757207098485843,0.06934226857861381,0.0
2016-07-29,-0.06970698262519126,0.053841566271107366,0.0397705984643939,0.007303223658222224,0.012075200163577993,0.01984656031160892,0.002464372336330678,0.05874875883302355,0.012915902171626081,0.08342663606934964,0.036471481408287154,0.021024857992819168,-0.006843948147395862
2016-08-31,0.00770303316163079,0.008837186239796901,0.005341327284126285,-0.0028449470730197435,-0.014359630698956738,-0.03256316550912575,-0.010114019279265696,0.017840704983083988,0.0018033463130895377,-0.08423777963726464,0.0011974329131854144,-0.010135043358030948,0.006080206566730473
2016-09-30,0.04308560115401838,0.02518495792590758,0.013367485660628065,0.006442640390336818,0.019925020254469628,0.006892135107908315,0.0023745844519693637,0.01073865686137987,-0.003156220432293466,0.02708811897205954,5.802876451332928e-05,-0.015083387508839197,-0.005640551404880734
2016-10-31,-0.003331166714726108,-0.008277867046439735,-0.022154486224198244,-0.02377697908986487,-0.0333998564830823,-0.0294491958469959,-0.014946753942741142,-0.04597076243301035,-0.015285880585912848,-0.06758249439690167,-0.017337265471781826,-0.043806551738188704,0.029983889328055957
2016-11-30,0.016711351568674315,-0.04415716788364443,-0.017814148019936638,-0.03531596739912024,-0.08442895518992821,-0.0835657063915729,-0.04227248604374767,0.1106328955482827,-0.03167520457504147,-0.0771950217411902,0.036838388169026404,-0.0821373590037795,0.03265144378082474
2016-12-30,0.04142007665374425,-0.0025268765540514826,0.02706293124549508,-0.00699171110520036,-0.02065043257832877,-0.019149882681417818,-0.001185440636092716,0.028844325962495088,0.008391712590976041,-0.03512134074674045,0.02027170865658401,-0.004626417336126454,0.007999825349555234
2017-01-31,-0.005681853384026936,0.06655259989054563,0.032911999915631096,0.024936464061539043,0.03502189937723177,0.05419215772584596,0.0021947639088226722,0.0028180651497116127,0.0014503504330283246,0.10059560149742652,0.017894925848088494,0.008142601403903882,-0.027588639000685755
2017-02-28,-0.0019048215203866237,0.017407701406755516,0.01190667878036411,-0.019368566745951665,0.004683220692353496,0.03184768678480632,0.007236096301398209,0.019300175317323198,0.013209691515650324,0.04449799854546033,0.0392916231041569,0.015845911305695237,0.014768805987419587
2017-03-31,-0.032442617312579136,0.03685173249556084,0.03231667513144365,0.006129692153273414,0.008274083494616669,-0.00427746474772539,0.0008052749609392951,0.0002606384205399159,-0.0029507307875946687,-0.006908510848333105,0.001249769339754625,-0.006550525500606641,-0.00612796524778525
2017-04-28,-0.026956000596569774,0.017009268208798556,0.024241647853622705,0.02040431008106336,-0.0015025110779218753,0.01726748147982482,0.011087931235912896,0.01149225926000974,0.01188835048168535,-0.055072507996489994,0.009926257713507747,0.015731717912911947,-0.014643598272509939
2017-05-31,-0.014189251862936292,0.028457322412419606,0.035423042819588746,0.03079965516677996,0.005903485818192777,-0.0012419798017190287,0.008267775272079891,-0.01970320110357593,0.013331339530785247,0.005521482012297296,0.014112877446336602,0.018878806317627506,-0.019163051076676596
2017-06-30,-0.009595630656165421,0.00926627653152523,0.0029602297596387217,0.01572120588784265,-0.015765278740231592,-0.02155534773928125,-0.005095278021648886,0.03374400211884776,0.004802862209525083,-0.04148867460794037,0.006374813557456616,0.007918777939498245,-0.01315781568024621
2017-07-31,0.04083050709191749,0.05822688364936446,0.026533833177470934,0.035934495674478706,0.019992974498750593,0.02313170169958645,0.00374798838641599,0.008524300306464117,0.007654313730913964,0.012094180771606844,0.02055433510363658,-0.0065833195353026674,-0.02747478705780837
2017-08-31,0.003989411570231249,0.023515840451793668,-0.000448090179781202,0.0050672926572563615,0.002177928084122094,0.04198757511241591,0.014575694493037528,-0.01257816492463204,0.0067723010433904385,0.04716981245244378,0.002917825716718614,0.034086762074290844,-0.0016616659230052067
2017-09-29,0.019867498217385204,-0.00044611411372907916,0.023617164871422514,-0.00808453853352853,-0.023561678501696215,-0.03369891808976033,-0.014416211953662272,0.06304083565049567,-0.0004950522045756856,-0.0546546467424146,0.020149127743785966,-0.02322938455858936,0.006241856227994003
2017-10-31,0.03961043308375678,0.03280521504701284,0.016793335962312028,-0.015074583390284446,-0.010425200433580528,-0.007484813689786485,-0.0018889592844645309,0.007288655450730763,0.001927141666821619,0.0031766322402755343,0.023564200249023948,-0.0003850296069796144,0.01654276916464359
2017-11-30,0.009369084873445788,-0.003889332368117171,0.0068934120097285945,0.020911084865627316,0.004734776048651135,0.003563440057185785,-0.0027925724671021834,0.02941169781678532,-0.0012331391009494652,-0.017732725373504787,0.030565943023115993,0.007431933482599851,-0.015866622910850836
2017-12-29,0.027846638926757317,0.03761561121447077,0.01348867491635719,0.007670205351140602,0.003063173240383188,0.021057003170010358,0.0018476528332038722,-0.003985047786109086,0.01220502998737727,0.030947745657830428,0.012127980569035524,0.018125712583449305,-0.005678155430066445
2018-01-31,0.029500180612934912,0.0829793132785368,0.05020641968182327,0.034339681973605485,0.03218226313615258,0.03234937283169237,-0.02150242307201411,0.025580463234925466,-0.012258087158688591,0.02251410978765689,0.05635884131958302,-0.03255544032769819,-0.032459375234341725
2018-02-28,-0.029239780741059374,-0.0589846398299857,-0.04834811028997654,-0.018146798015353238,0.023441115752972586,-0.020759902030566435,-0.009327579804748853,-0.03843678726719035,-0.022371392102630727,-0.05443427049282734,-0.036360350137297326,-0.030414331967547392,0.01892459007644165
2018-03-29,0.022891559060374655,0.005414378522119678,-0.008396128244903212,0.007835768070607596,0.001890128578282635,0.006320007324218668,0.011557093287831277,0.012175021614993176,0.0055682185430994124,-0.0032341649813382167,-0.027410513519864232,0.028596639660855017,-0.003376831303440908
2018-04-30,0.03415795160309698,-0.028169329439337254,0.015212473422036688,-0.019352684323613367,-0.027299956362335842,-0.009539745360543916,-0.012764609093183776,0.009813853770056724,-0.01565968747711244,-0.0019467704911255712,0.005168388303534277,-0.020881739142471156,0.022024498630575762
2018-05-31,0.026765334113957095,-0.026214695001618105,-0.01894260402931669,-0.03274766873834656,0.004335393574474322,-0.011959209467577336,0.0098609577947526,0.061635596298336814,0.005213475753524932,0.005201555468841601,0.024308819535835857,0.020044504789437978,0.026108669615367397
2018-06-29,-0.019412155986950674,-0.045456555046688774,-0.015840933742441554,-0.0016034355598215644,-0.017721203910326944,-0.03614944763120931,0.0019743434946715155,0.006144013385371849,-0.0048728395432663385,-0.020051773535044393,0.005750903378348049,0.006457682255165631,0.007269827860595379
2018-07-31,-0.02432124250115708,0.035310329935641205,0.028520172799945342,0.00035705027246368815,-0.010292579820564973,-0.022418909632539785,-0.005277766011398288,0.01649048251219809,0.01343881408796932,-0.03564356273597136,0.03704654193453072,-0.014369332072235674,0.001603654290401657
2018-08-31,0.007536249966567876,-0.03767290218407615,-0.02235787584304194,-0.007939566026182066,0.005959271978548619,-0.021381117106768044,0.010139875344057137,0.04310621056870634,0.00019899292728231543,-0.06570842304628144,0.03192011331797873,0.013120549023019512,0.008406846595184314
2018-09-28,0.0339471114882155,-0.005791192395097733,0.00965258286651327,-0.00044947180573817747,-0.022534497555296906,-0.006607347245927042,-0.012050360770192059,-0.02325032391828974,-0.0014070890087356513,0.005860800435294911,0.005945505982632104,-0.02864268093155531,0.0027788598742159998
2018-10-31,-0.05620493159476536,-0.08760460442364393,-0.08133537272224356,-0.02473913466550981,0.0066547539921497645,0.02119545356837582,-0.0030299626836554072,-0.1098783548786354,-0.020492805498884215,-0.023306606372406113,-0.06910454395944243,-0.029305545618529938,0.02216945429077266
2018-11-30,-0.09846683763954744,0.049029683907304555,0.004963228338864312,-0.001291528785626439,-0.0057844158784715605,0.003386881324189961,0.013300072895952697,0.017263112540476078,-0.003584792956166427,-0.006711420851004513,0.018549278514110146,0.017872395516744133,0.0038729379520709983
2018-12-31,-0.04001262738136535,-0.03488895198326891,-0.053497662188096595,0.01117607716655078,0.034314881830445954,0.04942010593064916,0.028042787010088555,-0.11972178150872081,0.018594702769794358,0.09009014943189064,-0.08804824589993165,0.05853478257213651,-0.007573341528055111
2019-01-31,0.07108359597559644,0.10343032222896498,0.06634909175655479,-0.0015529675529827314,0.006199069128042023,0.028865979381443196,0.006526015243583316,0.11321918955186594,0.03368179637646951,0.0365013578692972,0.0800657487903893,0.003786048283664689,-0.0023576454510202405
2019-02-28,0.028350376956758128,-0.015313123882265134,0.02536690729181834,-0.006861025970362755,-0.02395890972689907,-0.006092201492829519,-0.005255052528518878,0.051790748972994294,-0.0020386290156401143,-0.02790698145987447,0.03241559343920586,-0.013763484910660706,0.00984644155308545
2019-03-29,-0.003759314035428285,0.011309970521817814,0.009179905777572772,-0.014185780598312214,0.006545850831296329,-0.01596899557748599,0.02655114395180136,-0.020932789036768762,0.029290131373924888,-0.030758701691393386,0.01810075412482992,0.05571598670140587,0.015210695376377092
2019-04-30,0.011949626158785698,0.023532326812662818,0.02929406477924701,-0.0012144998545746688,-0.006851747336002578,-0.006638842503124187,-0.005185306068361428,0.03396678656506591,0.004363868300796048,-0.011283486880723559,0.040852182264135894,-0.019910742985905228,0.005378364230288701
2019-05-31,-0.059664360763214686,-0.07329848382171633,-0.05032959034540441,-0.004210234787764389,0.028414410670732915,0.0175742981554865,0.03048572924460169,-0.07852629898991426,0.016505465114457385,-0.026390929183494394,-0.0637711218491065,0.0683918642688548,0.0057317798164568945
2019-06-28,0.03965630203945736,0.06207760736149015,0.05911645408641242,0.017192601095525673,0.00443433090598,0.08002914919848991,0.012171471986208049,0.06984871031037665,0.03246765403470819,0.049816873566257414,0.06958653441507856,0.009501645635016764,-0.013297846344114683
2019-07-31,-0.011443057122618727,-0.026567252086575954,-0.019473576689274297,-0.027708317642316516,-0.009735035279689774,7.514839229982861e-05,0.0003825600819689079,0.006816832908571602,0.0025399738327516186,0.06140963845960212,0.015119196815465807,0.0025648541748357623,0.02926447553936362
2019-08-30,-0.04630235211932776,-0.03782646455993299,-0.01923986757394547,-0.007314222429230854,0.023662547043788562,0.0791231345612986,0.03951636257972413,-0.04931036362645147,0.03886048292375577,0.12754763810110092,-0.016743280318688658,0.11049134590933618,0.005237601380010837
2019-09-30,0.01416046793279202,0.016919823366379205,0.0316406045823443,-0.008995472799429582,-0.017867180893236356,-0.0339478600543478,-0.011860399235048447,0.02037053172633696,-0.007559142239598193,-0.07172009152159609,0.01945810391588676,-0.026798810686266883,0.008559720040538954
2019-10-31,0.019282000600759908,0.04184006854422995,0.03389052118780267,0.022305993817371528,0.000795903322946323,0.02563546974700759,0.0018789776985337348,0.027157729878641845,0.00445131500864715,0.06281407005073292,0.022104189277481368,-0.011132172236768878,-0.018819256163426945
2019-11-29,-0.0013045294243697603,-0.0009394308491117442,0.01127285666756861,-0.012846082700250117,-0.013292413242070644,-0.03208588289288572,-0.00687207524029998,0.04065576778923363,0.004750324532488248,-0.05910165457984062,0.0361986334711073,-0.0040715582005890205,0.012034705347512276
2019-12-31,0.05849145929601596,0.0773026140316635,0.029953892879199362,0.017127791953074345,0.006678201971730635,0.03655877893383952,-0.009280843559813068,0.027865560958305613,0.005273538442772674,0.04773870761555665,0.029055563658012096,-0.03197461782385047,-0.015610887543476282
2020-01-31,-0.08589342364861041,-0.06151103877240649,-0.028225868718891545,-0.01185357613353899,0.002401911057299033,0.04499655849690343,0.03465794822000445,-0.03102534760898379,0.024460523129583356,0.008393248626320293,-0.0004041170343681566,0.07691107339608827,0.0119368824254098
2020-02-28,-0.06652944821856566,-0.037758152133150036,-0.07765267609814841,-0.005140487655111992,0.0033090017976609154,-0.006361728631845698,0.029617327897026646,-0.08845723210770018,0.010913976112595591,-0.07669441053854364,-0.07916557768712573,0.06626509313064122,0.009512998268940365
2020-03-31,-0.17340185409011855,-0.1576999680147938,-0.14106695317577533,-0.0019144038208892544,0.0029569218165368394,-0.002224031676743232,0.03722704840358615,-0.2147709181862737,-0.0631185671249952,-0.15969089406815185,-0.12487143090791397,0.06376737590455694,0.011307891272919202
2020-04-30,-0.03111120333777362,0.07354238625136889,0.05817439113054457,-0.007286381707999112,0.0013606430872616926,0.07261060302877431,0.0027524111431609377,0.1384762588155668,0.048457712917931994,0.07126431708113978,0.12698366800004401,0.012188965817914621,-0.001490821867608405
2020-05-29,0.08073383573198889,0.029748628476724326,0.05426902399919209,0.011975871227304147,-0.005435349799671196,0.02588161543682088,0.003274683658301525,0.06591988737815502,0.024602099419592127,0.19170246015237513,0.04764534496002337,-0.017619540710396397,-0.00709220385292042
2020-06-30,0.04499169577170514,0.06604954472140423,0.035111933912240545,0.011548404144480662,-0.0013663070030769386,0.02737702630176453,0.0004265435821648733,0.03429925415840973,0.02127586700035744,0.021008426451101903,0.017734091822978026,0.003366728346619663,-0.010526319291559227
2020-07-31,0.051177754138370446,0.08252044157019256,0.01938565525668623,0.04783424936551528,0.019610092790522282,0.10790463097013703,0.008541405492698662,0.02919401878081973,0.031000781863565807,0.3315696245595634,0.058892402349612016,0.04435171984997166,-0.039513703106010434
2020-08-31,0.04636789979782363,0.028875084645098914,0.04722004957998971,0.012245769338121493,-0.0013418623076431047,-0.0032356731296194763,-0.009698106295632392,0.05476391440345574,-0.017782576166632147,0.15805739443709332,0.06979690177341591,-0.050465680860463547,-0.015031657270932808
2020-09-30,-0.03545045505195332,-0.010103012962123237,-0.0204678022450675,-0.018235199676246094,0.0034711140573584487,-0.0417140433776253,0.003277511277643086,-0.03261297202168312,-0.0043972883664965545,-0.17499047779993027,-0.03744376007984773,0.007734490503929159,0.018072368910329262
2020-10-30,-0.03139361968173937,0.014061666052843869,-0.03550691825037455,-0.007520239589900335,0.007475989158802765,-0.0051942084141127776,-0.013807957365227774,0.022030784075499632,-0.005103591639334826,0.01617377039470469,-0.02493353096602713,-0.033852355655333066,0.0007888862948570718
2020-11-30,0.10197624609326694,0.08991296307993135,0.14269453720495529,0.02364438800618296,0.0023258287999035065,-0.05408625961608993,0.003383733262782629,0.18244152899489552,0.03771507195682822,-0.04274672777815214,0.10877687278223558,0.016639144976224207,-0.021679147156997924
2020-12-31,0.05451941891994716,0.07129449656393017,0.05015390474485071,0.02327687237300169,0.010607724690305576,0.07013861264675048,-0.002384571902914634,0.08646485591562691,0.0015067242952835347,0.16722093042010067,0.03704827507193542,-0.01227658028386791,-0.02336818985289324
2021-01-29,0.03333327120161167,0.0317399684536801,-0.0078124923658415835,-0.007582740997207127,-0.015088533426983908,-0.03223816988295236,-0.010921411650509527,0.048454436814879376,-0.018316501319624146,0.017094020411502875,-0.010190307870540205,-0.03632782372360477,0.007425738281744421
2021-02-26,0.10138257359981928,0.007878454468393858,0.022378999296805313,-0.006410584565967881,-0.01753998444646987,-0.06256881416817583,-0.023632947727627696,0.06202565017823014,-0.022632770977640715,-0.01320527918081249,0.027805294904414746,-0.0573298269589273,0.004094921212313363
2021-03-31,-0.0071726979945494485,-0.007258516088129552,0.02513163913831562,-0.028902466974875973,-0.03774007161458337,-0.011433105943016053,-0.023857043478339945,0.013950323036520995,-0.014780656527152658,-0.07948090416060338,0.04539930418645599,-0.05245218916035976,0.024469868687195806
2021-04-30,0.07826613169026508,0.011998419906922297,0.029523968152876723,0.02466558097631122,0.012212226883634436,0.035633887903232075,0.010012117666981624,0.017878092439502336,0.010432051411309207,0.0577092256349665,0.052910566325415465,0.024950909935430143,-0.021496891791212502
2021-05-28,0.03852602157652063,0.016487588186816504,0.03482292522840291,0.013057393001305373,-0.005104348347899745,0.07678377966625938,0.0042491948984788586,0.002712393967414295,0.006226251188539367,0.07871717499506481,0.006566095837531316,2.1459571108328745e-05,-0.014646046964272963
2021-06-30,0.034946127896527956,0.009504111116962255,-0.010780169806197115,-0.028408639121720536,-0.012010246660916768,-0.07147662098325525,0.01022501734721959,0.01869005230961207,0.02211424170443399,-0.0648648776030799,0.022427383984500837,0.044190856681407764,0.025185856151394903
2021-07-30,0.01298704404260298,-0.06436994861712975,0.007733433821384805,-0.00027084469390414867,0.012510297611206367,0.025297363508325565,0.01990283239541668,-0.036273410142971585,0.014190461754574724,-0.02436004002124703,0.024412313555619125,0.037166542264108315,-0.002416489870256444
2021-08-31,-0.016410263673711567,0.015697574242114598,0.014466913311885099,-0.005415828115042376,-0.0033803579954835294,-0.0007655451490135023,-0.003944466447180273,0.022031262206875457,-0.0034397826691040523,-0.06305543055591978,0.029760044918468287,-0.0034018101243166177,0.0048445975578277345
2021-09-30,0.05213753826869394,-0.03873303298610076,-0.03261381616438275,-0.020058131918993638,-0.012163753397980592,-0.03223525924924131,-0.015970552757036738,-0.028803514229229332,-0.015074044693004218,-0.07317068548078642,-0.046605447232388464,-0.029069618322279722,0.016874297611672917
2021-10-29,0.05797837407809148,0.010718612591393839,0.031790592267504136,-0.0030564690397071326,-0.023679848705654094,0.014797178527087285,-0.004429564422506305,0.042514317138007796,0.0053099174618000955,0.0765107046686353,0.07016351654490038,0.02464985938944264,-0.0023705740768339423
2021-11-30,-0.08758787149767866,-0.04084841215056567,-0.0453473055069501,-0.019880916669453907,0.007761331515330427,-0.006900653696985448,0.010921121952439883,-0.04332402389339518,-0.001186357780501912,-0.0466274639896207,-0.00803484026174306,0.027714802869333477,0.017821859562737297
2021-12-31,0.06673513500253692,0.015070743712410462,0.04390932899474498,0.00246414742262413,-0.019374255594636902,0.032990977123064535,-0.005240652747751318,0.022715066151564267,-0.0003415214579168824,0.02136755813632285,0.046247671871071594,-0.020137740104908874,-0.0027238866809422557
2022-01-31,0.0789219545317843,-0.00020465007678038827,-0.036349627271974994,-0.012953685672249082,-0.0006135160593188083,-0.016787612677039987,-0.021130056463053104,-0.09534710162919136,-0.03591901102978701,-0.03300794905933846,-0.052741271469145756,-0.039139220971236344,0.009364079409340809
2022-02-28,0.06467447570015428,-0.0432023192796841,-0.03429173709292899,-0.0031612123029504113,0.0015962334174965953,0.061217257237826006,-0.0030412014711589386,0.010335882990897716,-0.021314659756576426,0.08750008023702471,-0.02951699662704188,-0.016329478109637363,0.0003864718930426392
2022-03-31,0.09174683210457268,-0.03381127023140651,0.005189858658617208,-0.014126553602663017,-0.05676103065759541,0.012725579950304322,-0.04060925897302703,0.011575300155225454,-0.028937522140772165,0.011494178244337183,0.03759048484786076,-0.05444416963311738,0.01622871186421526
2022-04-29,0.0564084373940954,-0.061350837356854204,-0.06739141234485968,-0.04717799359681352,-0.0619964143631726,-0.020702963524693585,-0.04228270924545385,-0.09899162754691393,-0.06699260255427542,-0.08041950667526199,-0.08776907143821644,-0.09423869759401438,0.048289045640507844
2022-05-31,0.04613143426284361,0.006134513308762912,0.019959219466109124,0.01636805022088139,0.007620937587808907,-0.03261547766106776,0.006184030278720387,0.001946293288385803,0.0186387336325875,-0.05703425431193121,0.00225728368702538,-0.022533088370084497,-0.013057664745524944
2022-06-30,-0.07500012938930378,-0.05157643571096804,-0.0876663428403276,-0.024559728766109012,-0.051567655900043974,-0.01565965107712486,-0.00863455109326372,-0.08366332950074673,-0.03622779235731299,-0.06048390895717426,-0.08246064527395724,-0.012745813138898998,0.02756332740963563
2022-07-29,-0.019894770482679403,-0.0034912359266376924,0.051688135490703724,-0.025487292097254866,0.01739882451795549,-0.0258815174913124,0.029614979150399456,0.10563280641856476,0.04444427594760314,0.003218957899984387,0.09208786505671629,0.02431039895125542,0.011802701696483009
2022-08-31,-0.01493687842411906,-0.013263290424815999,-0.06116856932523651,-0.017577484247082942,-0.04090060128372153,-0.02943328245830701,-0.03853864430881293,-0.02002676684044713,-0.04429122909702454,-0.11336902421067896,-0.04080206304553935,-0.04553087268598721,0.028985499312453644
2022-09-30,-0.07037314746839363,-0.1153942929595484,-0.09222045790566702,-0.025220493183624848,-0.03997031678196916,-0.028881810636775418,-0.047349691823439066,-0.0966042867980299,-0.05979867593418531,0.05548854526703173,-0.09244604974210735,-0.08235140986318978,0.03572650045556092
2022-10-31,0.05060639108924869,-0.019782126870969474,0.058918213968206734,0.00884533645197294,-0.027859452407622443,-0.017844407703562548,-0.014540216836239628,0.11162984750213689,-0.007452656514517653,0.006857190813337022,0.08127576935370806,-0.05964377155442335,-0.00398004853724887
2022-11-30,0.01472920553617918,0.15589346330731946,0.13168092148031563,0.052389189744026066,0.07546571524964829,0.0849186596373046,0.03612269223030706,0.02203677231338874,0.06647689805518397,0.15947782815569034,0.05559132738494177,0.07151041786547263,-0.04728607787945027
2022-12-30,-0.02711510428889574,-0.026374914010330208,-0.01812902982115583,0.029113370691141505,0.05255359381173119,0.02930648566594085,-0.014880767660377048,-0.0651412842253416,-0.015511155429167145,0.07782673171008603,-0.057628111563220674,-0.02620049295840421,-0.019406856592347976
2023-01-31,0.008924982100713352,0.09129268999291074,0.09003668108451479,0.015771891563194584,0.007876303797560658,0.05759257431981046,0.03581147416881292,0.09818769236651415,0.05159819574625879,-0.008628543601625016,0.06288744700021387,0.07643641922198463,-0.010787392341171431
2023-02-28,-0.044632110101468614,-0.0756769426346734,-0.030747904739735876,-0.02642346223612324,-0.04465537837153,-0.05367596391642193,-0.03270780953508401,-0.017234094565320213,-0.04169095729188843,-0.11956026658146068,-0.025142889990938055,-0.048505846651798135,0.033078936597622066
2023-03-31,-0.0008417372561951852,0.032173703940248544,0.0312905123481062,0.026841942498243565,0.024393780182274005,0.07916128247166143,0.037210487532302716,-0.048473594854333446,0.0384848946837999,0.15088458009797745,0.03707794599096892,0.04839397012233815,-0.01900075108462773
2023-04-28,-0.007582200931766425,-0.008362776810410755,0.029362638674431008,0.01716417677882709,-0.025381418066576678,0.008623522653246951,0.008147923161975212,-0.01793706629071512,0.006040103957941856,0.039782962358924534,0.015974847765912514,0.0033833531199025657,-0.004662938539391037
2023-05-31,-0.064091620521748,-0.024022551513113055,-0.04007062639088943,-0.029314054011377655,-0.02253110387574364,-0.013419890078922081,-0.014383446290776924,-0.00816208633989679,-0.017689265424889467,-0.06043475607167137,0.004616233643151002,-0.03015312211986132,0.030991078624017065
2023-06-30,0.029478426456255757,0.043988509519164554,0.04470039195141107,0.02263138053865399,-0.033976900554076095,-0.02221370606110007,-0.012552363362056451,0.08067324735195736,0.008100939366560755,-0.03331796392260278,0.06479972143286594,0.0021712772445356965,-0.008039109479590412
2023-07-31,0.08722470283873629,0.06041467735800299,0.027034566748995514,0.009238322347126182,0.011620700176029342,0.022886642358626696,-0.00651681755987199,0.061088395421372566,0.0005381854188293289,0.08616568678796255,0.032733398390098145,-0.02544262090892002,-0.005637867403009311
2023-08-31,-0.0036467509820943267,-0.06626951432313422,-0.03935014461806785,-0.0117507220892904,-0.02098334702666871,-0.012777635059315395,-0.007308892826422553,-0.05082793510233885,-0.012290414576236586,-0.013221733686558323,-0.016251937153608953,-0.03142086049744175,0.02374209610987399
2023-09-29,0.015046835118443846,-0.03114626759753658,-0.036488143649021976,-0.023722169314797648,-0.02706507496548749,-0.047605861131121974,-0.031388448410102465,-0.05853607470058819,-0.03557305569291869,-0.09155869999747857,-0.047434652673257194,-0.07951130541947093,0.029075836545294553
2023-10-31,-0.0180288605279334,-0.032938003260216564,-0.029019015433082496,0.002911873620442318,-0.014632575454363916,0.07372411557093383,-0.01927716663417267,-0.06914110588005629,-0.024118839261512925,0.031465063168498064,-0.021708488204047693,-0.054631902951572164,0.010090801724118803
2023-11-30,-0.024479764772941448,0.07792910338568548,0.08218742530154821,0.030773634356865642,0.021866843656671353,0.02531372564947021,0.04554480125206939,0.09202531253056123,0.07574418861747345,0.10247853505439575,0.09134379826764238,0.09923887038882362,-0.024641962505568715
2023-12-29,-0.03291286635868085,0.03565332227768825,0.053510036913453796,0.016061468051404848,0.05094216993166878,0.012821182352028115,0.037722372871919374,0.12126182452651646,0.04875279133979871,-0.058365694902876575,0.0456552810668267,0.08685761233845368,-0.01605401906436288
2024-01-31,0.013157883578200025,-0.045262459952417955,-0.004512309834315387,-0.019226587856926214,-0.04224280325829999,-0.014228180398366375,0.0007262778539423032,-0.03901151301320116,-0.004428144265121281,-0.03994494085424172,0.01592649866537532,-0.02245148534608532,0.027316361409309042
2024-02-29,-0.015226185311103313,0.04167759876346255,0.029862673141607843,0.001785542830819331,-0.01983182649863191,0.004563548019519192,-0.02082622002508472,0.056252539480071695,-0.019320022520088576,-0.008608336034878539,0.052186826731802416,-0.022521814131742146,0.009342481096072497
2024-03-28,0.04456566281223617,0.027256885416951038,0.03378651957314305,0.0003511640509445968,-0.008902545288570929,0.08668323846462611,0.007332020308538079,0.03486964138994009,0.015410155074762955,0.09744334309549907,0.03270198831466131,0.007828463344094372,0.0099679567578419
2024-04-30,0.016107970298457452,-0.0021909331008802546,-0.032431768286840024,-0.008772712944532302,-0.04131959494057624,0.02989497307015121,-0.03129803401455,-0.0684737266961597,-0.03243040167038003,0.057142823607057025,-0.04031971105259902,-0.06455437278892007,0.021501571198794256
2024-05-31,-0.0029990763859105707,0.01951694221299949,0.05060174047897714,0.01867928117326989,0.002384998089077106,0.016189210429127243,0.018001697713482034,0.05038310135110535,0.02213722393905493,0.15426200039558657,0.05057984845630625,0.028869909667928573,-0.010696995984758484
2024-06-28,-0.001719002334276687,0.026180211540267395,-0.01826739759681295,-0.011299641618084277,-0.022263789427155567,-0.0013469974027459086,0.012169824770422943,-0.011243913725927812,0.005963039553116722,-0.04286745404344505,0.03528001000575576,0.018170938635941214,0.016044583747683694
2024-07-31,-0.02798097249884557,0.008452701696808562,0.02591596224812931,0.012542806973521836,0.0721363047790009,0.053671963349382734,0.028972382731922597,0.10335641896101255,0.026380777122656074,-0.0067745693354615,0.012109261964490692,0.03629969243278208,-0.01270165055641903
2024-08-30,-0.020814967064192058,0.009778735302066854,0.0326032113909549,0.023548008821420385,0.025940312357404904,0.02092249026936499,0.013457952549098096,-0.01688547367818294,0.018705237844448108,-0.0015156881054875226,0.023365319210851165,0.021112337425398087,-0.017037528653031764
2024-09-30,0.007236571314352291,0.05741300625248802,0.007833290330402365,0.00847999021188417,0.016118904743004592,0.050888514912532656,0.01382462062359524,0.00710538332454469,0.019629237097156027,0.07817834672181068,0.02100475865224083,0.019994187025035526,-0.0031835570739218166
2024-10-31,0.014369065928183655,-0.03074575344421393,-0.052732185221403105,-0.021295592940229868,-0.05458789999442326,0.04299348742370901,-0.033873545926737636,-0.014170025141182263,-0.03179398155612678,0.04927840992782695,-0.008923565233342035,-0.054548905977456985,0.03619581231958158
2024-11-29,-0.019920335207353812,-0.026771711109371266,-0.003155908321838985,-0.027304511232404516,0.01496956462752208,-0.0312413646032077,0.0102091469226544,0.11071817812373541,0.017908905744169035,-0.06340152376747754,0.05963347809037822,0.019872664751771962,0.022260309876808604
2024-12-31,0.01722728461039935,-0.016966741036683275,-0.029501603844154567,-0.018579778325008012,-0.04991899178232606,-0.014088486936242206,-0.022583942775075916,-0.08373892786383941,-0.026757852595493348,-0.05694842937833344,-0.024060211311645263,-0.0638105567138193,0.030073536708995485
2025-01-31,0.02759587731841817,0.021520875819398988,0.04800943535740276,0.0031717546830745125,0.014500209899458438,0.06785607873643396,0.006165476498582567,0.02498186348891207,0.005803000628266108,0.08279530237343558,0.02685632758558021,0.004923714762443021,0.0030591687130741008
2025-02-28,0.001365542193477065,0.011469922797365584,0.02953060104319749,0.0014000597472598741,0.03110809544555826,0.018216241876358952,0.02799701823800871,-0.05223421267627071,0.02371331274079891,-0.0070151091313160885,-0.012694732544601295,0.05697127237301558,-0.004066429375291669
2025-03-31,0.022727313461619714,0.01134012677072782,0.0018386722504235564,0.043440209541710795,0.002935425735022923,0.09446585889998316,0.003419479395869285,-0.0685409690597013,-0.004624717696314007,0.09466620825619887,-0.05571911592986334,-0.012046862500140088,-0.02892136445521909
2025-04-30,-0.08577786325995818,0.0013729127716290979,0.03695095765762568,0.048407088911389895,0.049430909195566475,0.05424437277239913,0.010561135405219302,-0.023209287549757707,-0.0027062688754383446,-0.044853159080816773,-0.008670290259329527,-0.013604593384703656,-0.039593609162523524
2025-05-30,0.015070463235811848,0.04021939344333725,0.047905576830015395,0.0031760455576366198,-0.00790210921902501,-0.0005595776946504261,-0.012395962618648282,0.05239661923796768,0.0020643501606194548,0.01351350045186761,0.06284498603412603,-0.03210639845918817,0.0014593974473209315
2025-06-30,0.044540337874050095,0.07002038524613519,0.023962127980539982,0.038191345765967055,-0.0014055935390239194,0.004051318985581975,0.01601946926000619,0.055184337879851775,0.020824398917587583,0.09366671244303393,0.051386166427956015,0.026640631957835392,-0.020765101614451886
2025-07-31,0.029344342392092937,0.006633454211143031,-0.020919628404458934,-0.03136499836167683,-0.044729384690033736,-0.0061345510598058706,-0.005939089858631008,0.016682914082992273,-0.000897507089337779,0.015543989642998524,0.02303154344336633,-0.011396625050955067,0.03794642431269235
2025-08-29,-0.010690501750062142,0.02677099401415739,0.04524687605754485,0.0261671876391949,0.025376542085702614,0.049874624687468394,0.016481501898654605,0.07192675425931183,0.010435723551213805,0.08613442251413272,0.020519537835420598,0.0001271321056841579,-0.018996345097405998
2025-09-30,0.014407972239687483,0.07099879466947767,0.02066024791754062,0.004030316601109751,-0.006706082971095428,0.11758415768627128,0.006510996103963995,0.03179115425202639,0.01877238648691648,0.1707654197205415,0.035620412937162005,0.03590966474961421,0.005115067396144202
2025-10-31,0.015534844102449652,0.03558049354289028,0.011995296653732446,-0.01787528089530177,-0.040990182841796785,0.035586670754335525,0.00711270913925155,0.01764753236397265,0.0014947033054337755,0.03870661862146729,0.023837414102428234,0.013810904765700238,0.0254452548547901
2025-11-28,0.007867126314085038,-0.017721479131558193,0.0074082379922146835,0.0073747803359538455,-0.012403648681854618,0.05367817567023114,0.009881461791694468,0.010234366347797286,0.009311695533645192,0.16359920557907937,0.0019499438514807288,0.0027233083470670216,0.0
2025-12-31,0.0022788157681672416,0.0215930054786182,0.027104738074029466,0.013389198717518092,-0.004243041543945059,0.02173350667644791,-0.00761185463116687,-0.007093582148310462,-0.007374680680024004,0.2579574169232519,0.0007975195784812872,-0.026586075595786962,-0.009105195352308915
2026-01-30,0.09257601244724101,0.08024126234895834,0.049047163848221054,0.009926815849904624,0.012783364980518908,0.12273224230545998,-0.002288024164662228,0.05480170514892979,0.003448516829672288,0.17106495786541798,0.0147377327962257,-0.00034431345092800214,-0.006659278601672813
2026-02-27,0.027425299546639748,0.0588833070521555,0.04605915711774289,-0.002961543158368163,-0.00992925540342704,0.08720077925273872,0.024699910295411964,0.006778441283474379,0.013779667668521345,0.12659060330466843,-0.008641951723092456,0.04633753189206091,0.008566090836820361
2026-03-31,0.15338646705009684,-0.09252158430992752,-0.07828810224923799,-0.021309331955727706,-0.016148236161331764,-0.11051161024305556,-0.02320200029535946,-0.049611182651938646,-0.02072834086751807,-0.19825860569063614,-0.04937954609873141,-0.042300480253973594,0.025849363549173
2026-04-07,0.022452490549236037,-0.00017431130911627069,0.005354715013868194,0.0022039199450643032,-0.006651729943428775,-0.0013014421610380023,-0.0007685297725480433,0.012620987430695507,0.0021742340785484426,-0.04446725574460719,0.0075036806072845685,-0.0005188465348792137,0.0005399348192114406
