,SPY,EFA,EEM,IWM,TLT,IEF,LQD,GLD,DBC,SLV,UUP,FXE,FXY
1993-03-31,0.0,0.0,0.0,0.0,0.0,0.0,0.0,0.0,0.0,0.0,0.0,0.0,0.0
1993-04-30,0.0,0.0,0.0,0.0,0.0,0.0,0.0,0.0,0.0,0.0,0.0,0.0,0.0
1993-05-28,0.0,0.0,0.0,0.0,0.0,0.0,0.0,0.0,0.0,0.0,0.0,0.0,0.0
1993-06-30,0.0,0.0,0.0,0.0,0.0,0.0,0.0,0.0,0.0,0.0,0.0,0.0,0.0
1993-07-30,0.0,0.0,0.0,0.0,0.0,0.0,0.0,0.0,0.0,0.0,0.0,0.0,0.0
1993-08-31,0.0,0.0,0.0,0.0,0.0,0.0,0.0,0.0,0.0,0.0,0.0,0.0,0.0
1993-09-30,0.0,0.0,0.0,0.0,0.0,0.0,0.0,0.0,0.0,0.0,0.0,0.0,0.0
1993-10-29,0.0,0.0,0.0,0.0,0.0,0.0,0.0,0.0,0.0,0.0,0.0,0.0,0.0
1993-11-30,0.0,0.0,0.0,0.0,0.0,0.0,0.0,0.0,0.0,0.0,0.0,0.0,0.0
1993-12-31,0.0,0.0,0.0,0.0,0.0,0.0,0.0,0.0,0.0,0.0,0.0,0.0,0.0
1994-01-31,0.0,0.0,0.0,0.0,0.0,0.0,0.0,0.0,0.0,0.0,0.0,0.0,0.0
1994-02-28,1.3096715005381039,0.0,0.0,0.0,0.0,0.0,0.0,0.0,0.0,0.0,0.0,0.0,0.0
1994-03-31,1.1349977479114945,0.0,0.0,0.0,0.0,0.0,0.0,0.0,0.0,0.0,0.0,0.0,0.0
1994-04-29,1.0559085112573179,0.0,0.0,0.0,0.0,0.0,0.0,0.0,0.0,0.0,0.0,0.0,0.0
1994-05-31,0.9868267522893084,0.0,0.0,0.0,0.0,0.0,0.0,0.0,0.0,0.0,0.0,0.0,0.0
1994-06-30,1.005952389492731,0.0,0.0,0.0,0.0,0.0,0.0,0.0,0.0,0.0,0.0,0.0,0.0
1994-07-29,0.9479099826568366,0.0,0.0,0.0,0.0,0.0,0.0,0.0,0.0,0.0,0.0,0.0,0.0
1994-08-31,1.0163035226930284,0.0,0.0,0.0,0.0,0.0,0.0,0.0,0.0,0.0,0.0,0.0,0.0
1994-09-30,1.0567488893285013,0.0,0.0,0.0,0.0,0.0,0.0,0.0,0.0,0.0,0.0,0.0,0.0
1994-10-31,1.0318491170896558,0.0,0.0,0.0,0.0,0.0,0.0,0.0,0.0,0.0,0.0,0.0,0.0
1994-11-30,0.9643186496736574,0.0,0.0,0.0,0.0,0.0,0.0,0.0,0.0,0.0,0.0,0.0,0.0
1994-12-30,0.9187197104634366,0.0,0.0,0.0,0.0,0.0,0.0,0.0,0.0,0.0,0.0,0.0,0.0
1995-01-31,-0.9386303884811072,0.0,0.0,0.0,0.0,0.0,0.0,0.0,0.0,0.0,0.0,0.0,0.0
1995-02-28,-1.0125259153323403,0.0,0.0,0.0,0.0,0.0,0.0,0.0,0.0,0.0,0.0,0.0,0.0
1995-03-31,1.0509194053943132,0.0,0.0,0.0,0.0,0.0,0.0,0.0,0.0,0.0,0.0,0.0,0.0
1995-04-28,1.0802051815733023,0.0,0.0,0.0,0.0,0.0,0.0,0.0,0.0,0.0,0.0,0.0,0.0
1995-05-31,1.1395287786672816,0.0,0.0,0.0,0.0,0.0,0.0,0.0,0.0,0.0,0.0,0.0,0.0
1995-06-30,1.0361571416874196,0.0,0.0,0.0,0.0,0.0,0.0,0.0,0.0,0.0,0.0,0.0,0.0
1995-07-31,1.0409538399343774,0.0,0.0,0.0,0.0,0.0,0.0,0.0,0.0,0.0,0.0,0.0,0.0
1995-08-31,1.0288723255158638,0.0,0.0,0.0,0.0,0.0,0.0,0.0,0.0,0.0,0.0,0.0,0.0
1995-09-29,1.1272173553439946,0.0,0.0,0.0,0.0,0.0,0.0,0.0,0.0,0.0,0.0,0.0,0.0
1995-10-31,1.174490070989741,0.0,0.0,0.0,0.0,0.0,0.0,0.0,0.0,0.0,0.0,0.0,0.0
1995-11-30,1.1761988170109712,0.0,0.0,0.0,0.0,0.0,0.0,0.0,0.0,0.0,0.0,0.0,0.0
1995-12-29,1.1819521500321744,0.0,0.0,0.0,0.0,0.0,0.0,0.0,0.0,0.0,0.0,0.0,0.0
1996-01-31,1.100525025005782,0.0,0.0,0.0,0.0,0.0,0.0,0.0,0.0,0.0,0.0,0.0,0.0
1996-02-29,1.021721595078352,0.0,0.0,0.0,0.0,0.0,0.0,0.0,0.0,0.0,0.0,0.0,0.0
1996-03-29,0.9403400395923135,0.0,0.0,0.0,0.0,0.0,0.0,0.0,0.0,0.0,0.0,0.0,0.0
1996-04-30,0.8270517953866536,0.0,0.0,0.0,0.0,0.0,0.0,0.0,0.0,0.0,0.0,0.0,0.0
1996-05-31,0.8375470840007979,0.0,0.0,0.0,0.0,0.0,0.0,0.0,0.0,0.0,0.0,0.0,0.0
1996-06-28,0.8385433229688425,0.0,0.0,0.0,0.0,0.0,0.0,0.0,0.0,0.0,0.0,0.0,0.0
1996-07-31,0.8917023169601357,0.0,0.0,0.0,0.0,0.0,0.0,0.0,0.0,0.0,0.0,0.0,0.0
1996-08-30,0.7524349062676269,0.0,0.0,0.0,0.0,0.0,0.0,0.0,0.0,0.0,0.0,0.0,0.0
1996-09-30,0.7642331004118853,0.0,0.0,0.0,0.0,0.0,0.0,0.0,0.0,0.0,0.0,0.0,0.0
1996-10-31,0.7985628352891055,0.0,0.0,0.0,0.0,0.0,0.0,0.0,0.0,0.0,0.0,0.0,0.0
1996-11-29,0.8376169314116588,0.0,0.0,0.0,0.0,0.0,0.0,0.0,0.0,0.0,0.0,0.0,0.0
1996-12-31,0.8705460830107311,0.0,0.0,0.0,0.0,0.0,0.0,0.0,0.0,0.0,0.0,0.0,0.0
1997-01-31,0.7831493002464286,0.0,0.0,0.0,0.0,0.0,0.0,0.0,0.0,0.0,0.0,0.0,0.0
1997-02-28,0.7744461335248942,0.0,0.0,0.0,0.0,0.0,0.0,0.0,0.0,0.0,0.0,0.0,0.0
1997-03-31,0.7375595126375927,0.0,0.0,0.0,0.0,0.0,0.0,0.0,0.0,0.0,0.0,0.0,0.0
1997-04-30,0.6765783838905585,0.0,0.0,0.0,0.0,0.0,0.0,0.0,0.0,0.0,0.0,0.0,0.0
1997-05-30,0.6017825855822889,0.0,0.0,0.0,0.0,0.0,0.0,0.0,0.0,0.0,0.0,0.0,0.0
1997-06-30,0.6067662229377998,0.0,0.0,0.0,0.0,0.0,0.0,0.0,0.0,0.0,0.0,0.0,0.0
1997-07-31,0.6026353534534808,0.0,0.0,0.0,0.0,0.0,0.0,0.0,0.0,0.0,0.0,0.0,0.0
1997-08-29,0.6053001365971103,0.0,0.0,0.0,0.0,0.0,0.0,0.0,0.0,0.0,0.0,0.0,0.0
1997-09-30,0.5668568622832122,0.0,0.0,0.0,0.0,0.0,0.0,0.0,0.0,0.0,0.0,0.0,0.0
1997-10-31,0.5624233202996141,0.0,0.0,0.0,0.0,0.0,0.0,0.0,0.0,0.0,0.0,0.0,0.0
1997-11-28,0.421373069284547,0.0,0.0,0.0,0.0,0.0,0.0,0.0,0.0,0.0,0.0,0.0,0.0
1997-12-31,0.44061985231364614,0.0,0.0,0.0,0.0,0.0,0.0,0.0,0.0,0.0,0.0,0.0,0.0
1998-01-30,0.46302190852071407,0.0,0.0,0.0,0.0,0.0,0.0,0.0,0.0,0.0,0.0,0.0,0.0
1998-02-27,0.47290492956530256,0.0,0.0,0.0,0.0,0.0,0.0,0.0,0.0,0.0,0.0,0.0,0.0
1998-03-31,0.5108978815573407,0.0,0.0,0.0,0.0,0.0,0.0,0.0,0.0,0.0,0.0,0.0,0.0
1998-04-30,0.5579309617512869,0.0,0.0,0.0,0.0,0.0,0.0,0.0,0.0,0.0,0.0,0.0,0.0
1998-05-29,0.5768355814782101,0.0,0.0,0.0,0.0,0.0,0.0,0.0,0.0,0.0,0.0,0.0,0.0
1998-06-30,0.6003688980277382,0.0,0.0,0.0,0.0,0.0,0.0,0.0,0.0,0.0,0.0,0.0,0.0
1998-07-31,0.5795544081265619,0.0,0.0,0.0,0.0,0.0,0.0,0.0,0.0,0.0,0.0,0.0,0.0
1998-08-31,0.5834458212729398,0.0,0.0,0.0,0.0,0.0,0.0,0.0,0.0,0.0,0.0,0.0,0.0
1998-09-30,0.43567671311376394,0.0,0.0,0.0,0.0,0.0,0.0,0.0,0.0,0.0,0.0,0.0,0.0
1998-10-30,0.3763283836412866,0.0,0.0,0.0,0.0,0.0,0.0,0.0,0.0,0.0,0.0,0.0,0.0
1998-11-30,0.37427090981101024,0.0,0.0,0.0,0.0,0.0,0.0,0.0,0.0,0.0,0.0,0.0,0.0
1998-12-31,0.397610627767141,0.0,0.0,0.0,0.0,0.0,0.0,0.0,0.0,0.0,0.0,0.0,0.0
1999-01-29,0.4106136976645454,0.0,0.0,0.0,0.0,0.0,0.0,0.0,0.0,0.0,0.0,0.0,0.0
1999-02-26,0.41558038277868803,0.0,0.0,0.0,0.0,0.0,0.0,0.0,0.0,0.0,0.0,0.0,0.0
1999-03-31,0.42759748340728865,0.0,0.0,0.0,0.0,0.0,0.0,0.0,0.0,0.0,0.0,0.0,0.0
1999-04-30,0.4388395931106631,0.0,0.0,0.0,0.0,0.0,0.0,0.0,0.0,0.0,0.0,0.0,0.0
1999-05-28,0.45414524440099374,0.0,0.0,0.0,0.0,0.0,0.0,0.0,0.0,0.0,0.0,0.0,0.0
1999-06-30,0.46695641890848194,0.0,0.0,0.0,0.0,0.0,0.0,0.0,0.0,0.0,0.0,0.0,0.0
1999-07-30,0.4978155804067066,0.0,0.0,0.0,0.0,0.0,0.0,0.0,0.0,0.0,0.0,0.0,0.0
1999-08-31,0.528919977410466,0.0,0.0,0.0,0.0,0.0,0.0,0.0,0.0,0.0,0.0,0.0,0.0
1999-09-30,0.5369180209396078,0.0,0.0,0.0,0.0,0.0,0.0,0.0,0.0,0.0,0.0,0.0,0.0
1999-10-29,0.5333517492331522,0.0,0.0,0.0,0.0,0.0,0.0,0.0,0.0,0.0,0.0,0.0,0.0
1999-11-30,0.49950437397405706,0.0,0.0,0.0,0.0,0.0,0.0,0.0,0.0,0.0,0.0,0.0,0.0
1999-12-31,0.5419620762401002,0.0,0.0,0.0,0.0,0.0,0.0,0.0,0.0,0.0,0.0,0.0,0.0
2000-01-31,0.5803178781727033,0.0,0.0,0.0,0.0,0.0,0.0,0.0,0.0,0.0,0.0,0.0,0.0
2000-02-29,0.462178345500703,0.0,0.0,0.0,0.0,0.0,0.0,0.0,0.0,0.0,0.0,0.0,0.0
2000-03-31,0.465850316290961,0.0,0.0,0.0,0.0,0.0,0.0,0.0,0.0,0.0,0.0,0.0,0.0
2000-04-28,0.44344617542893305,0.0,0.0,0.0,0.0,0.0,0.0,0.0,0.0,0.0,0.0,0.0,0.0
2000-05-31,0.3960637147928025,0.0,0.0,0.0,0.0,0.0,0.0,0.0,0.0,0.0,0.0,0.0,0.0
2000-06-30,0.3968469985355362,0.0,0.0,0.0,0.0,0.0,0.0,0.0,0.0,0.0,0.0,0.0,0.0
2000-07-31,0.4277235919975109,0.0,0.0,0.0,0.0,0.0,0.0,0.0,0.0,0.0,0.0,0.0,0.0
2000-08-31,0.44842807702359166,0.0,0.0,0.0,0.0,0.0,0.0,0.0,0.0,0.0,0.0,0.0,0.0
2000-09-29,0.49574621748671427,0.0,0.0,0.0,0.0,0.0,0.0,0.0,0.0,0.0,0.0,0.0,0.0
2000-10-31,0.511891779818858,0.0,0.0,0.0,0.0,0.0,0.0,0.0,0.0,0.0,0.0,0.0,0.0
2000-11-30,0.46703937984369415,0.0,0.0,0.0,0.0,0.0,0.0,0.0,0.0,0.0,0.0,0.0,0.0
2000-12-29,0.46612684997691894,0.0,0.0,0.0,0.0,0.0,0.0,0.0,0.0,0.0,0.0,0.0,0.0
2001-01-31,-0.43138153864579637,0.0,0.0,0.0,0.0,0.0,0.0,0.0,0.0,0.0,0.0,0.0,0.0
2001-02-28,-0.4328134883290351,0.0,0.0,0.0,0.0,0.0,0.0,0.0,0.0,0.0,0.0,0.0,0.0
2001-03-30,0.44061235947531685,0.0,0.0,0.0,0.0,0.0,0.0,0.0,0.0,0.0,0.0,0.0,0.0
2001-04-30,-0.406102421968472,0.0,0.0,0.0,0.0,0.0,0.0,0.0,0.0,0.0,0.0,0.0,0.0
2001-05-31,-0.3880436494237069,0.0,0.0,0.0,0.0,0.0,0.0,0.0,0.0,0.0,0.0,0.0,0.0
2001-06-29,-0.41833980417821776,0.0,0.0,0.3700888320916784,0.0,0.0,0.0,0.0,0.0,0.0,0.0,0.0,0.0
2001-07-31,-0.4547653590186336,0.0,0.0,-0.3947406924905345,0.0,0.0,0.0,0.0,0.0,0.0,0.0,0.0,0.0
2001-08-31,-0.4691112891957967,0.0,0.0,0.40850797117087445,0.0,0.0,0.0,0.0,0.0,0.0,0.0,0.0,0.0
2001-09-28,-0.48957116652538774,0.0,0.0,-0.43204794329685564,0.0,0.0,0.0,0.0,0.0,0.0,0.0,0.0,0.0
2001-10-31,-0.42891635750292384,0.0,0.0,-0.38918521325968236,0.0,0.0,0.0,0.0,0.0,0.0,0.0,0.0,0.0
2001-11-30,-0.44452645885480807,0.0,0.0,-0.3921247212773995,0.0,0.0,0.0,0.0,0.0,0.0,0.0,0.0,0.0
2001-12-31,-0.46142108266208587,0.0,0.0,-0.41139084481404853,0.0,0.0,0.0,0.0,0.0,0.0,0.0,0.0,0.0
2002-01-31,-0.4837320831314065,0.0,0.0,0.42200089074691566,0.0,0.0,0.0,0.0,0.0,0.0,0.0,0.0,0.0
2002-02-28,-0.497133255580635,0.0,0.0,-0.44176537229936896,0.0,0.0,0.0,0.0,0.0,0.0,0.0,0.0,0.0
2002-03-28,-0.4975080357091532,0.0,0.0,0.4457266484461654,0.0,0.0,0.0,0.0,0.0,0.0,0.0,0.0,0.0
2002-04-30,0.5223677390580483,0.0,0.0,0.4684765437577072,0.0,0.0,0.0,0.0,0.0,0.0,0.0,0.0,0.0
2002-05-31,-0.535536789671611,0.0,0.0,0.48013031421276603,0.0,0.0,0.0,0.0,0.0,0.0,0.0,0.0,0.0
2002-06-28,-0.5185730314003657,0.0,0.0,0.47403509152741896,0.0,0.0,0.0,0.0,0.0,0.0,0.0,0.0,0.0
2002-07-31,-0.4978726765797666,0.0,0.0,0.47878010319088465,0.0,0.0,0.0,0.0,0.0,0.0,0.0,0.0,0.0
2002-08-30,-0.3725707967979083,0.0,0.0,-0.37474945158981254,0.0,0.0,0.0,0.0,0.0,0.0,0.0,0.0,0.0
2002-09-30,-0.3577079451995421,0.0,0.0,-0.3579811246945415,0.0,0.0,0.0,0.0,0.0,0.0,0.0,0.0,0.0
2002-10-31,-0.35820220571059747,-0.38819768244138536,0.0,-0.3522659194021852,0.0,0.0,0.0,0.0,0.0,0.0,0.0,0.0,0.0
2002-11-29,-0.32869854632039314,-0.35085980917203546,0.0,-0.3326454679559838,0.0,0.0,0.0,0.0,0.0,0.0,0.0,0.0,0.0
2002-12-31,-0.3430877839538663,-0.3583684731732423,0.0,-0.34170372040718305,0.0,0.0,0.0,0.0,0.0,0.0,0.0,0.0,0.0
2003-01-31,-0.3647154635848276,-0.3820316154094238,0.0,-0.36490707314890375,0.0,0.0,0.0,0.0,0.0,0.0,0.0,0.0,0.0
2003-02-28,-0.37619530893260766,-0.40468225980402356,0.0,-0.38593340010291194,0.0,0.0,0.0,0.0,0.0,0.0,0.0,0.0,0.0
2003-03-31,-0.39763612028823647,-0.4224767856940753,0.0,-0.41236281148086945,0.0,0.0,0.0,0.0,0.0,0.0,0.0,0.0,0.0
2003-04-30,-0.3930542190030799,-0.4163349790714279,0.0,-0.42513317065049167,0.0,0.0,0.0,0.0,0.0,0.0,0.0,0.0,0.0
2003-05-30,-0.4123944379538449,-0.4371964361804938,0.0,-0.4478088934819303,0.0,0.0,0.0,0.0,0.0,0.0,0.0,0.0,0.0
2003-06-30,-0.4411829765915625,-0.4593116797996724,0.0,-0.46645874287037203,0.0,0.0,0.0,0.0,0.0,0.0,0.0,0.0,0.0
2003-07-31,-0.4697633353551378,-0.4949553797935414,0.0,-0.4793867541693595,0.0,0.0,0.0,0.0,0.0,0.0,0.0,0.0,0.0
2003-08-29,0.3087796360986574,0.3211688980926476,0.0,0.29987008806709026,0.4721418018897585,0.8058971531568472,0.7921424226949989,0.0,0.0,0.0,0.0,0.0,0.0
2003-09-30,0.32941890681879793,0.3461521127697007,0.0,0.3072208806853827,0.4531281517529179,0.7789517895333238,0.7851281584398769,0.0,0.0,0.0,0.0,0.0,0.0
2003-10-31,0.3431748315617716,0.36019046975671254,0.0,0.2942586694267831,-0.4441729283766391,-0.7611046284954794,0.7970984723826143,0.0,0.0,0.0,0.0,0.0,0.0
2003-11-28,0.3653063671298578,0.3622697800009481,0.0,0.29283945279174706,0.447553449600476,0.7476275467890379,0.7844034036879328,0.0,0.0,0.0,0.0,0.0,0.0
2003-12-31,0.3799541819467753,0.36622802706690777,0.0,0.29059987417690847,0.45034011141586733,0.7480827959229763,0.7647950094705646,0.0,0.0,0.0,0.0,0.0,0.0
2004-01-30,0.4035098585209911,0.3747280758579649,0.0,0.28769414023696144,-0.46224536933616595,0.7291094893783433,0.7427130666695733,0.0,0.0,0.0,0.0,0.0,0.0
2004-02-27,0.41748147557545406,0.3773987347538207,0.0,0.2984268752456831,0.45985181349404475,0.7169101548038075,0.72993094612719,0.0,0.0,0.0,0.0,0.0,0.0
2004-03-31,0.4232886766693219,0.35929481383551604,0.0,0.281804229205537,0.4645272745394701,0.7316164935724127,0.739468512177742,0.0,0.0,0.0,0.0,0.0,0.0
2004-04-30,0.402255751442787,0.33561612778574723,0.0,0.26862101343459227,0.4770929717478207,0.7488355037577171,0.767578631831336,0.0,0.0,0.0,0.0,0.0,0.0
2004-05-28,0.3804883169127078,0.32330414826948695,0.2570401986981896,0.249171931402856,0.4395457770578541,0.666813071709111,0.683636555949794,0.0,0.0,0.0,0.0,0.0,0.0
2004-06-30,0.3934201444971268,0.30348491948365486,0.21349990459744178,0.25197764732572425,-0.4613149669203403,-0.6881376223316091,0.6881647948441029,0.0,0.0,0.0,0.0,0.0,0.0
2004-07-30,0.4057717373853294,0.30103493738860115,0.20653135628548172,0.2558454541383371,-0.45293222089725527,-0.6835620774813373,0.6943222164236584,0.0,0.0,0.0,0.0,0.0,0.0
2004-08-31,0.4027421499297501,0.30064427334152244,0.21772360867884347,0.24745711276808702,0.45598642708089193,0.6861095474839831,0.689336880716922,0.0,0.0,0.0,0.0,0.0,0.0
2004-09-30,0.3867647559017158,0.3084619729052232,0.22880461381874725,0.24132119367925994,0.4611708047956048,0.6764297919670784,0.6970468669323706,0.0,0.0,0.0,0.0,0.0,0.0
2004-10-29,0.39203042295530227,0.30427781023326705,0.23711003691869212,0.24292799235775697,0.4540180937595204,0.6818975009879408,0.6877381427875202,0.0,0.0,0.0,0.0,0.0,0.0
2004-11-30,0.37115503152333035,0.3130071832921955,0.23457768945116272,0.23932220769816212,0.4617252405563249,0.691730211369645,0.6884824361091793,0.0,0.0,0.0,0.0,0.0,0.0
2004-12-31,0.3744799021337586,0.31580233712503175,0.23355547486825504,0.24821955948454064,0.45064380036673407,0.6932766111373083,0.6840223148843717,0.0,0.0,0.0,0.0,0.0,0.0
2005-01-31,0.3900600577908776,0.31845831483649856,0.24042916893562358,0.2557873020079865,0.42166913128289846,0.6836788673526841,0.689917157793431,0.0,0.0,0.0,0.0,0.0,0.0
2005-02-28,0.3811148587144631,0.31568479049459125,0.22860985975535864,0.24381063118536975,0.4228617503600266,0.7054449209508153,0.7024731885393753,0.0,0.0,0.0,0.0,0.0,0.0
2005-03-31,0.37198734559463403,0.32593883742142654,0.23724310555077868,0.23997478203593853,0.40410390423472287,0.7031965331364576,0.7175554920260416,0.0,0.0,0.0,0.0,0.0,0.0
2005-04-29,0.3744295464176682,0.33703147078382045,0.21951564966343473,0.25562310259483656,0.3969799236053142,-0.7048021847261396,0.7116181222087861,0.0,0.0,0.0,0.0,0.0,0.0
2005-05-31,0.34961891820214336,0.32649432929383115,0.20663841405867006,0.24083982659566963,0.41701200591833143,0.7259964840095413,0.7334000219218133,0.0,0.0,0.0,0.0,0.0,0.0
2005-06-30,0.34959918975329624,0.3221573988438763,0.2039854313567585,0.23854925450459416,0.4160382729040644,0.7284823468403556,0.7411881057970547,0.0,0.0,0.0,0.0,0.0,0.0
2005-07-29,0.36356529784896907,0.3265317223453354,0.2146970991292505,0.24659402817573195,0.4007062375313081,0.7146029448169244,0.7333026701524806,0.0,0.0,0.0,0.0,0.0,0.0
2005-08-31,0.37417052574687987,0.3345670663397385,0.2265766782307092,0.24349205930457454,0.3855292529582549,0.6915928033423852,0.7440716140774578,0.0,0.0,0.0,0.0,0.0,0.0
2005-09-30,0.3734620391982075,0.3172471650208041,0.21459319016173792,0.23911649103630445,0.4000488841792969,0.6998471451550685,0.7556850852485809,0.0,0.0,0.0,0.0,0.0,0.0
2005-10-31,0.3790443369104279,0.30954129654509094,0.2193923439446057,0.24202454799666875,0.3962719565858066,0.7129537957010643,0.7407717223163354,0.0,0.0,0.0,0.0,0.0,0.0
2005-11-30,0.3423740237921179,0.30938657346472637,0.17263164157709734,0.22187363226922246,0.4215529369845521,0.7660905959561419,0.7660905959561419,0.0,0.0,0.0,0.0,0.0,0.0
2005-12-30,0.32809885935665045,0.28509107428186,0.16811910494773688,0.2096460352778219,0.3715218884316779,0.6822793202590876,0.6892246615243891,0.26601905592077607,0.0,0.0,0.0,0.0,0.0
2006-01-31,0.3433162269359354,0.2877037735591532,0.17640777738583194,0.21811769804226494,0.37609448853299454,0.6814884874140743,0.6814884874140743,0.23538306071567108,0.0,0.0,0.0,0.0,0.0
2006-02-28,0.34243629374261136,0.26159482813999274,0.16331730238964992,0.22940752004434734,0.4020607350715135,0.6961257695171857,0.6961257695171857,0.2089317815775134,0.0,0.0,0.0,0.0,0.0
2006-03-31,0.34474705572200653,0.2720609114626313,0.15532199604087013,0.23326371674077803,0.41971550850043493,0.694135188430224,0.694135188430224,0.1866204346728314,0.0,0.0,0.0,0.0,0.0
2006-04-28,0.3610103801970977,0.2685009674490756,0.15061740129986256,0.23247342465482207,0.4166524359155938,0.6915207789537484,0.6915207789537484,0.18770383257605172,0.0,0.0,0.0,0.0,0.0
2006-05-31,0.3711384877909909,0.2777682114738815,0.15268420784014566,0.23010024525683556,-0.42078494927386323,-0.6951086464743054,-0.6951086464743054,0.15730660541567296,0.0,0.0,0.0,0.0,0.0
2006-06-30,0.33815056675501043,0.2558655792312037,0.13701152593924734,0.2152459375804886,-0.44395414057985033,-0.7295329618719465,-0.7295329618719465,0.15070632617030622,0.0,0.0,0.0,0.0,0.0
2006-07-31,0.32524238417400236,0.214370635375967,0.12144297934803779,0.19371273679897438,-0.46731418870634617,-0.7681834436203459,-0.7681834436203459,0.14155018835598054,0.0,0.0,0.0,0.0,0.0
2006-08-31,0.3206012391527347,0.21125155831697978,0.11496432936439177,0.1844911442852353,-0.48092296860392225,-0.7707043221327946,-0.7707043221327946,0.146360116011147,0.0,0.0,0.0,0.0,0.0
2006-09-29,0.3368498809423412,0.2213520658910766,0.12266422970295625,0.1862414070219168,-0.499029109544193,-0.7415832495529944,-0.7415832495529944,0.1506968077915272,0.0,0.0,0.0,0.0,0.0
2006-10-31,0.3511322092776994,0.2313469276108361,0.12609933995846517,0.18996973833207728,-0.4954858118971284,0.728339791283418,0.728339791283418,0.14928639035695787,0.0,0.0,0.0,0.0,0.0
2006-11-30,0.3720985888891662,0.24788663240429987,0.1325849120628149,0.19582986558222273,0.4746874661293237,0.7117858600672845,0.7117858600672845,0.15334081479760336,0.0,0.0,0.0,0.0,0.0
2006-12-29,0.37223649411625326,0.25619785695842673,0.14079028569375882,0.19863626435203574,0.4758832776756439,0.6991542850467175,0.6991542850467175,0.15794725111044663,0.0,0.0,0.0,0.0,0.0
2007-01-31,0.3277325129322251,0.23320164987321557,0.1262794911656016,0.17497524612513649,0.40045860617410556,0.5831270010136689,0.5831270010136689,0.14179089593099176,0.0,0.0,0.0,0.42930759577138644,0.0
2007-02-28,0.3310719478559026,0.23282237927867977,0.12302813044495996,0.179702783371054,0.3976147433051698,0.5760196887675395,0.5760196887675395,0.14323432947123807,0.0,0.0,0.0,0.44048630873791617,0.0
2007-03-30,0.26537188672052237,0.20792185074898703,0.10877387537248046,0.1682454470446124,-0.38121380917778414,0.5690350886001629,0.5690350886001629,0.1371108034463563,0.13700416803057702,0.0,0.0,0.4562879822583543,0.0
2007-04-30,0.250723131226888,0.18812613464205102,0.10754750581983893,0.1635977944788089,0.3957027795719649,0.5691030125337901,0.5691030125337901,0.14400913201227794,0.14495451472923704,0.0,0.0,0.4671329824513525,0.0
2007-05-31,0.25799442722517246,0.1963265139108751,0.11295233670326431,0.1681080482596513,0.38699301439649697,0.5542779330439525,0.5542779330439525,0.14781933001576844,0.14789997690662096,0.0,0.0,0.47335048649424577,0.0
2007-06-29,0.2549035114721927,0.19058053608586162,0.11035093387719118,0.1651199634993915,0.3874786665990063,0.519248617495701,0.519248617495701,0.14612280183562373,0.14474080776497303,0.09297822279422023,0.0,0.46922732108013804,0.0
2007-07-31,0.2362957791558018,0.1907580035904017,0.11479485069442542,0.1655469637617745,0.3288040466976522,0.5317744515350976,0.5317744515350976,0.15755632690891572,0.15664103021616888,0.0965322940120434,0.0,0.48952180189262173,0.0
2007-08-31,0.2120146242953162,0.17986006131052587,0.10626240349895576,0.1597624291333528,0.31227807479434,0.5446697512906676,0.5446697512906676,0.17108008471712596,0.16878754714049846,0.10555691358840891,0.0,0.4950583589401404,0.0
2007-09-28,0.1837097138970177,0.1630657756216673,0.09442668033243923,0.14315792893824994,0.3341045469285361,0.5675781279398738,0.551593768121104,0.18325019539283358,0.18694583764970515,0.10787224513803938,0.0,0.48429518004053435,0.0
2007-10-31,0.1906656131974219,0.16709848474440148,0.10035287756734695,0.14373454734606014,0.3126835561368663,0.5352242720034872,0.5605192864368252,0.19053120053312253,0.19312056685702694,0.11570462067706962,0.0,0.4903649745003715,0.0
2007-11-30,0.2008396122038867,0.1753447435659279,0.10046967129497511,0.14680707788169806,0.3238295748199288,0.5356997928518533,0.5388355941469858,0.19015366044337537,0.17620132735095403,0.12230245076160405,0.0,0.48951649467881087,0.0
2007-12-31,0.18996867297174475,0.17024071045293399,0.09089095796208523,0.14651271867371587,0.35045598116493065,0.5353663339246512,0.5022321328393656,0.17754501556421018,0.1869504868942666,0.11679242527696244,0.0,0.5330445642751341,0.0
2008-01-31,0.20547541091428953,0.17991521223375287,0.09789420005138369,-0.15450157515474924,0.32139313128535296,0.5094506495112923,0.49871037846634547,0.18831619474800115,0.20813398040827336,0.1314604601831629,0.0,0.5047488070433963,0.0
2008-02-29,0.20127789082249548,0.1758640668364535,0.10213733804425637,-0.15488385977033214,0.3111669118554145,0.51049117089494,0.5069226207167247,0.1939275200100469,0.2074554022063329,0.138552520172632,0.0,0.4973206986703717,0.0
2008-03-31,-0.16759954368612037,0.1410963861254951,0.08649733925838829,-0.12800744308897483,0.23533342679506564,0.38549045465119136,0.39385330908270877,0.15905600734818912,0.15936862041751854,0.11415907216940673,-0.3478489393149045,0.39198924796500767,0.28970021009702956
2008-04-30,-0.16778150151384016,-0.15000969973099293,0.08963264792982256,-0.12826142504085425,0.24967062283532235,0.3899688678974236,0.42078864218900397,0.15756925989728846,0.1453779281187126,0.09683933028559695,-0.33126153075123976,0.39946499359256527,0.2733735502173375
2008-05-30,-0.17005889649878983,-0.15306408070889835,0.09453900575636551,-0.13067499121386755,0.2550591230465671,0.39840015635199494,0.4314028653261925,0.15076753726794803,0.14919029956025504,0.0965109300188546,-0.32081005867086004,0.3798800908039874,0.26964196477541924
2008-06-30,-0.17550991317554313,-0.16067736398578447,0.10056527684804682,-0.1375894181837724,0.2593694836586557,0.40093303615925746,0.4223191225154439,0.1441815498458847,0.14233868214554612,0.09381824675545603,-0.32202845205862557,0.36962039014461046,0.27104906452337285
2008-07-31,-0.1720378506225579,-0.16001327346585983,0.10184443801008183,-0.13792808546256324,0.2658306434499171,0.39859229878968716,0.4355489821376507,0.14050750717621632,0.13406785702662768,0.09560002219926542,-0.3263325002584933,0.35423496121062614,0.2774615801904533
2008-08-29,-0.16436048598652728,-0.16212013666208155,0.10032186954906644,-0.1293587745816389,0.2640160991194275,0.3956703526003636,0.42894933779136096,0.14298889774020168,0.12624304071281378,0.09836728502721286,-0.34264539894946383,0.35998829559509926,0.28497002568474256
2008-09-30,-0.1637276652170521,-0.16582326417447102,0.10396052100498587,-0.13090991900254673,0.2726496785172777,0.414877404354276,0.44460191182251224,0.1358912653089075,0.12013019059170368,0.08375192815373754,-0.33729218249233534,0.3386024376096097,0.28778163175058413
2008-10-31,-0.16337351091190994,-0.13467131248886072,-0.08956134940708656,-0.14087687444297783,0.30905346325953764,0.5023228169112424,0.16628260507345985,0.13863167736750162,0.15420367118988232,-0.09256869465514662,0.38191197568599045,0.37889740100712216,0.34764464759928165
2008-11-28,-0.11090301668525118,-0.09502628065150795,-0.06352695960044727,-0.11133528240508857,0.35645066146940646,0.5717828551191507,-0.18960911375926448,0.14954753473443222,0.14724370310551,-0.0867264021732283,0.4155026120558323,-0.38141697851817996,0.32092859972270005
2008-12-31,-0.1109532215781762,-0.09615452328808015,-0.06316843897012757,-0.10701459332976776,0.3145668456284465,0.5646406605213524,-0.2267353617721621,-0.15708226673340747,-0.14955551044076798,-0.0953040814119652,0.4220930916978462,-0.36151082575991295,0.331220578867987
2009-01-30,-0.116209671576694,-0.10175063729526748,-0.0678310988080423,-0.10528873208447745,0.30216284995274934,0.5713457167246604,-0.24627445331539866,-0.16351411356699022,-0.15035491502574025,-0.0979831232779429,0.40254624854051324,-0.3364174272368574,0.33832101259466635
2009-02-27,-0.12102207053978176,-0.10514077537953004,-0.07162782360288013,-0.10772493572182187,0.27674466304011436,0.5675582045507064,-0.26305332553141947,-0.16651788321202032,-0.15010117988508254,-0.10294391239220776,0.3944561463164694,-0.32814115567065877,0.3449679241573069
2009-03-31,-0.12497470402054825,-0.10884185343953198,-0.07517258011596831,-0.11219531003493599,0.26602822743257987,0.545146374667907,-0.2807943187244579,-0.17062882241870436,-0.1536876901946208,-0.10729155137884051,0.39280333004038887,-0.32972380130934686,0.33271143622216964
2009-04-30,-0.12482690940960617,-0.10941500412606148,-0.07842569565883735,-0.10733207960248338,0.2683849358981764,0.509768430854048,-0.299030154853825,0.18051960349850157,-0.15434014394322343,-0.11687033459377515,0.38840022454785816,-0.32852085919433194,0.3341656238192723
2009-05-29,-0.1259296485957103,-0.11077315595915381,-0.07993354977267958,-0.10515269005643745,0.26687031392510724,0.5072830711386158,-0.31203963089347375,0.18118972948578083,-0.15383039892424122,-0.11619264468509297,0.38384738488000975,-0.3236972441569356,0.33326053752676116
2009-06-30,-0.1289929635125553,-0.11226026023271761,-0.08216839185839685,-0.10654015660446649,0.253111342811119,0.49517908252482096,-0.3243767110161171,0.18816003378380428,-0.1542802144952478,-0.11887189394891963,0.3820093436530943,-0.3267406752497445,0.3273089303089959
2009-07-31,-0.1367702407840507,-0.11787563117003874,-0.0867624102252099,-0.11257526694981831,0.24715957828918414,0.47057019545350187,0.34233556635112977,0.19556251140305458,-0.1561938415607613,-0.1186265607346652,0.36439241421389346,-0.32700944129987153,0.3241663415648212
2009-08-31,-0.1414106879664095,-0.12165611022035104,-0.08968752797745991,-0.11579094240439029,0.23375296507587265,0.44800612822236574,0.3491110842305011,0.20055583752946712,-0.15428582293293747,-0.12071758292328899,0.3747290241327539,-0.33099815292978496,0.31929813345441777
2009-09-30,-0.14506063913926726,-0.12445357289289585,-0.09166209003388687,-0.11768240120499857,0.2265480002135415,0.43713306616223946,0.3533079691350005,0.20473190555184081,-0.15185150548618345,0.11892951132437815,-0.3793937651740764,-0.33319902824935005,0.3160465454323412
2009-10-30,-0.14775323300041687,-0.12638941219900765,0.09399170673005643,-0.1191888011979034,0.22375811368293017,0.4401615985651807,0.35987059790803955,0.2020948631057131,-0.1482548694258527,0.11430676110654975,-0.376944986505204,0.335272509027849,0.31201254754529684
2009-11-30,0.14916020633229113,0.12623763112402173,0.09384331950234444,0.1201554373992659,0.22012137741710974,0.43697374100507774,0.3598741249959559,0.2026997009113621,-0.1444359739682149,0.11122465761415537,-0.38212404902387775,0.3439856403323089,0.30916414037401446
2009-12-31,0.15344023474779314,0.12772822151359292,0.09516694446691445,0.12021329280025797,-0.2298087500886969,-0.45591819369218395,0.3771628700689323,0.2009427553994591,0.14449553297094614,0.1093081185671202,-0.33421494917668904,0.33619664120779835,0.3154034952996152
2010-01-29,0.16306235756633036,0.13362740171172688,0.10073826918785232,0.1263323661611002,-0.2316953131724301,-0.4488609247293706,0.3887084511239881,0.17753083186444674,0.15020316182728183,0.10908171635172399,-0.33868153671598666,0.33770276423967915,0.29377490534808354
2010-02-26,0.16272996950697463,0.13211836456394843,0.10160438943528789,0.1271637367194789,-0.23035283056556483,-0.4547534153288757,0.40200900868989886,0.17292529705610837,0.14879664868959053,0.10417374230884516,-0.33932540684204693,0.3328364792626526,-0.2912107110307275
2010-03-31,0.16451497558107214,0.12983131443530652,0.101601549835673,0.13090621491889157,-0.2307059116241813,-0.45907302456321836,0.41618795261578334,0.16532709405686224,0.14205157048143063,0.10034112387630455,-0.3473278876472694,0.3304086508200439,0.2817227295439632
2010-04-30,0.17227016485675514,0.13393479613088843,0.10514524341112771,0.13391414305331736,-0.23154053751640596,-0.46049476964479796,0.42965621695105277,0.16289021715846902,0.14389268356322593,0.10101716799648502,-0.3348774351654392,0.31554559169947255,0.27482103285256243
2010-05-28,0.17155661465813993,0.131807195887098,0.10625286873417189,0.13201664879210498,-0.22926846889888683,-0.44454932114490847,0.4412394695565332,0.16600965806613932,0.1472746330462927,0.10314195459243948,-0.33835006556675334,0.30870866602983693,0.2798244350266953
2010-06-30,0.15613834243383448,0.11539659265449319,0.09934856359614531,0.11931146615701463,0.22026356505412972,0.46338985038770714,0.4785211120802138,0.18226528620212643,0.15311467314571184,0.10817675166474985,0.35293466396468115,-0.29186382246383186,0.2592753101953602
2010-07-30,0.14783392573836582,0.1130456973466299,0.0991477089193703,0.1123980343551862,0.21699473045821385,0.44986714999125316,0.4938315952142417,0.18393361284432147,-0.15261757899160402,0.10955471149257476,0.3544727630347356,-0.2912169062220264,0.2750855853914768
2010-08-31,0.14717017123969744,-0.11382221972337181,0.10290520001313828,0.10824745314333181,0.21466066002022358,0.45339632583262474,0.519472102958566,0.17584861294597512,-0.15447343093840504,0.11092022551026828,0.34228706476992604,-0.2770128643576664,0.27978366854680525
2010-09-30,0.15190494631193796,0.11721779647290045,0.10942784818119404,0.11020227709271567,0.19751312534730855,0.43019517945083224,0.5100557486673918,0.19243448087399004,0.15931120127716972,0.11653863964519363,0.3429490098272325,-0.27871743331662074,0.2835323135355121
2010-10-29,0.15707645344991858,-0.12211599130944298,0.1160235491199014,0.11213781312055605,0.18838744631813104,0.41852619297921795,0.5010958477227707,0.20624526534958534,0.16833191307142392,0.12517444488158713,0.3383814742743054,-0.2705624104232504,0.2759411979799093
2010-11-30,0.169338322815093,0.12864840886884418,0.12184638059522712,0.120020313218044,0.19268805646938064,0.4268456592497726,0.4959425047258178,0.19444006952356574,-0.16213263329271824,0.11249913015443186,0.3201496925209496,-0.2620123501961237,0.2934364783700315
2010-12-31,0.18120477306490002,0.13391240427175607,0.12489769955395988,0.12952021664770338,0.18797257823224295,0.41418553248805035,0.47788387854655107,0.18871508663795286,0.15579140281711384,0.100152754061298,0.32498189318023496,-0.26294023287702706,0.31784154762120953
2011-01-31,0.19765788029098116,0.14420454184912337,0.13451459327847184,0.14224664537754558,0.18197538791796508,0.36240080642117123,0.45323763579024096,0.1946438625319544,0.1635385456071575,0.10183578016273911,0.3290881855091797,-0.2702375553759417,0.3244185798875284
2011-02-28,0.20600440916203175,0.1492417700093773,0.13646236674968867,0.14324285508022755,0.18434887943192402,0.3613031070928826,0.4618406795839102,0.186381481385289,0.16381774860494538,0.09746904062157535,-0.32710786064308683,-0.2652626541430744,0.3175171474919867
2011-03-31,0.20613820823974577,0.14957612203917311,0.13471449095139953,0.14140374486884846,0.18597390440338005,0.3602013251210577,0.4650111695718901,0.1918619882071041,0.16350078667710952,0.09204900481794487,-0.3273490302938586,0.2646099308720825,0.3176102939364054
2011-04-29,0.19784521090433313,0.1391678415675966,0.13436145701821356,0.1415837953603292,0.19069936693397194,0.36737673169121693,0.47954957574135404,0.1962279625126546,0.1571379106860721,0.09345247919920778,-0.3410941664648423,0.2725290808481056,0.28897442107210214
2011-05-31,0.20381963407166478,0.1407120662213294,0.13290761054544106,0.14431588805820136,0.19234641701300295,0.3714721805629468,0.48973968129417716,0.19308109992811257,0.15510981220453066,0.08613360999943319,-0.3396920357779367,0.26644798177250717,0.28422198255071585
2011-06-30,0.21069389142098732,0.14098040081016064,0.13170471532115352,0.1434169729442686,0.2027120939078466,0.39562591796893154,0.5232115188924575,0.18773270824306335,0.12620759436435336,0.060707012681750605,-0.32927385742637977,0.2523147749993282,0.2954185410193193
2011-07-29,0.2004538471141805,0.13611660890918423,0.13561485595942946,0.14203760012308694,-0.2014487159173837,0.38500199896751436,0.5230144654731812,0.19816105308868132,0.13090698930764255,0.06396079723281514,-0.32010303891711755,0.24816060178126678,0.3150194272085163
2011-08-31,0.19704817584272888,0.13653608864191427,0.13919539047586044,0.14123810534898124,-0.1955606937828429,0.3758745268099212,0.5058968246306168,0.2050267317612923,0.1410530879487506,0.06579425766995374,-0.32026816705815453,0.24931234940113156,0.32719560062785163
2011-09-30,0.1413957990208911,0.1096411765605896,0.1120661250948945,0.10495148380734613,-0.1695423116369686,0.3933243105187029,0.45050775722386177,0.17678642634844358,0.16832220278693838,0.07929652112686834,-0.3986978453285271,0.31558022803193664,0.379887812514031
2011-10-31,0.13941889793803666,-0.1092114574587433,-0.10387934291484856,0.10458441718214632,0.15850685851775095,0.4044803155561572,0.4863781435174928,0.15106574787427526,0.164553937078465,0.06814023299530673,-0.38710136315335586,0.31103544432818964,0.4116438414852319
2011-11-30,-0.1405866997838733,-0.1091984310354934,-0.100398654892166,-0.09996983779603603,0.15537942849185357,0.40102191541728865,0.53862173419954,0.1614638068374759,0.17217573372271872,0.0737668051363149,-0.3711643928556825,-0.2981266247025356,0.37812593512902154
2011-12-30,0.1335788476937757,-0.10393878911966326,-0.0941482110657792,0.09545178940395067,0.15715520420933587,0.4069736985225818,0.5393804412562466,0.16057049997725806,0.17433865974064836,0.0744138101613107,-0.35871073156533406,0.2949818940578252,0.4063574232262902
2012-01-31,0.13587198555119626,-0.10488160601742771,-0.09453179638659624,-0.0970425836144363,0.1555722214223068,0.410010967547159,0.5197856589378111,0.15212347161790996,0.17147778221642693,0.0735132684889534,-0.36154631973621754,0.3009243072005495,0.42271803126300894
2012-02-29,0.14309665797265483,-0.1083413884086465,-0.09723722263756905,-0.10233590978905122,0.15766665848618486,0.4135221828461434,0.5241142581740285,0.15254608889755486,-0.171586190180285,-0.07246526398117394,0.3508903676967179,-0.28805772578934835,0.41814008514064166
2012-03-30,0.1510507196480385,-0.11298998263948362,-0.1013183404772417,-0.10604203114777197,0.15981309450674225,0.4173596084000476,0.536463606921059,0.14196293003434543,-0.1780122216103349,-0.07224365593991496,-0.35364475361129033,-0.2869840127755507,0.38211504228817916
2012-04-30,0.1595589639493396,-0.1170308974067321,-0.10365198135005377,-0.1115159779331246,0.16052221333261874,0.4124514940026584,0.5204329345450313,0.14570461470431936,-0.1799146083314651,-0.07493201219624435,0.3574087556524916,-0.2931652664256519,0.36371028017026935
2012-05-31,0.16088229923565514,-0.11664307963433655,-0.1060345530669233,-0.11296635036022704,0.16077797572035998,0.4098786091250634,0.5206315490576172,0.15037405810044502,-0.18206936964800288,-0.07712082085146243,0.36234580071752415,-0.2997807168949108,-0.34049481758747246
2012-06-29,0.16189709165332994,-0.11766819832718023,-0.10628751277766751,0.11508089896656958,0.16144205006084997,0.41839869888656694,0.5163135539257433,0.14995833482072313,-0.17863374112191166,-0.07970298353882914,0.3616988436542074,-0.29941825179001813,0.333499840476403
2012-07-31,0.15694779818993598,-0.1168134831820054,-0.10473987627924727,-0.11497232997676439,0.16442138457016495,0.42262915901950376,0.5392296513225098,0.14735795599644452,-0.15896016210087693,-0.08299950890578241,0.35552278398662546,-0.29649275431505157,0.33891315215508744
2012-08-31,0.1577353507151142,-0.11539145424083294,-0.10394464059066698,0.11780105325101771,0.16719646036396812,0.43216569976118774,0.536042897053457,-0.1520973372922439,-0.1492795522522107,-0.08652868822765437,0.3447182562719208,-0.2848652612988526,-0.352233348680873
2012-09-28,0.16595689033532512,-0.11917981221702789,-0.10886590806906357,0.1232117302227379,0.16607137304677322,0.42671116195434733,0.515774731162972,-0.15573800717389483,-0.15557370757513336,-0.08610531948554588,0.3425008210881321,-0.2808585991613708,-0.35345193850767664
2012-10-31,0.17111866658999822,0.12160209268320316,0.11045765844728402,0.12888165965860238,0.1632912856035743,0.42469019117964896,0.511117089079126,0.15876100669495943,0.15463930964881745,-0.08694124922439896,0.3436941589568743,-0.2780018864557487,-0.3468037457777641
2012-11-30,0.17375231422867124,-0.12412296377689114,-0.11408986297665698,0.13389170419738147,0.16007427720740067,0.41371844867590435,0.49163796574844876,0.16410965207490033,0.15352507770557422,-0.08928452937320727,0.3514945830807011,-0.28304674404785385,-0.34725187690640863
2012-12-31,0.1673776788837833,0.12676420003331706,0.11771097575720166,0.13192239091438063,0.16569091990951312,0.42562041239398685,0.47808235590533443,-0.16335289169488076,0.15351581221354463,0.0887782684922069,-0.36247498044881704,-0.2896684946283152,-0.32904061872471824
2013-01-31,0.16627523888767462,0.13233162233000514,0.12301691394334051,0.13360030756232272,0.1627617004018326,0.42622946001933215,0.4579098884042307,0.16664532316435096,0.15954720034418574,0.0882859688827781,-0.37068013427555735,-0.29554210716928603,-0.31717413461510346
2013-02-28,0.17338488155694703,0.14086895987491366,0.13050084230935657,0.1392290027989462,0.1682607149216974,0.4352634301315738,0.4512779198991843,-0.17410376340455905,-0.1715687362717458,-0.09063034780406047,-0.37448928895419675,0.28926134202977755,-0.26116077004304156
2013-03-28,0.17365882574644637,0.1399652749807595,0.13828732888394543,0.1414372461796182,0.17141884912748398,0.4424734109032047,0.4533025415311396,-0.16973661258147252,-0.18412957072184297,-0.09445065099630856,-0.3836575585789965,0.27983944908984154,-0.22764268067893992
2013-04-30,0.1819167429513709,0.1454098547606618,0.14080769974800503,0.14953043464600718,0.17442296517967923,0.44161857458182463,0.44161857458182463,-0.17913737668565693,-0.18770526051878625,-0.10035805434347933,0.36671960409913607,-0.26887345992124123,-0.22188139798232673
2013-05-31,0.1881068892480779,0.15332546858318472,0.14553547914310194,0.14576357168572207,0.18544005785022014,0.471389223142092,0.471389223142092,-0.11303442121895987,-0.17996806659775383,-0.07390038639863918,0.38650628510572343,-0.29079961303671853,-0.1948413148477147
2013-06-28,0.1977222111468199,0.15974635482383842,0.15412340066012573,0.14914790196829752,0.17460380718168,0.44339431475038,0.47794363260684786,-0.1127692800863767,-0.18841457838153128,-0.07686547158881325,-0.3680311987928473,0.29824565480286314,-0.19899219320957912
2013-07-31,0.19881614675731615,0.15886222977182876,0.13674330835463944,0.15865928197377585,-0.18418171430848723,-0.4303055898150159,0.41796771507169295,-0.11243470358657566,0.20434285261620677,-0.07499164302884238,-0.3872044729648547,0.33549397002324904,-0.19999637172751553
2013-08-30,0.21972878253645606,0.17146145006345173,-0.1348427506431178,0.17289521702948393,-0.18300984336306514,-0.4064179516280886,-0.40120303805701923,-0.11687309986016317,-0.22455107424248733,-0.07679670555185399,-0.3605083681591842,0.32340269173834485,-0.20830902712728416
2013-09-30,0.22228870395708422,0.1759997619026857,0.1329085846715339,0.16787735164787768,-0.18074229531872166,-0.39068719360897614,-0.3912851634973254,-0.1219323175907933,-0.22952475466600616,-0.07642177101776036,-0.3671810189502939,0.33432741677250427,-0.20882366639843689
2013-10-31,0.23243927029827866,0.17551814719926542,-0.1262274866581655,0.1787511901624816,-0.1857637609408018,-0.3816266641967848,-0.37556684845373806,-0.11631102764310336,-0.22229347961011628,-0.0716295768323005,0.3742424649127236,0.3448305677623225,-0.21479951532991765
2013-11-29,0.21862095644680138,0.176900215390912,0.12659285414510374,0.16866062005590474,-0.19255937094478465,-0.3940454929657315,-0.38490510335861106,-0.11458810781964768,-0.2193500713896432,-0.07325773568800226,-0.370522625275186,0.33661165279566774,-0.2233851937240036
2013-12-31,0.22113558698667582,0.18136254060597232,0.1261231491743348,0.16665339749080707,-0.18396834447084567,-0.3815276535894356,-0.3829485780694471,-0.11834278498981152,-0.22186762735320623,-0.07647490223529373,-0.377350180456744,0.33477747429257554,-0.22746778028485076
2014-01-31,0.21607492916823273,0.17907008766911067,-0.12085845100377153,0.16238533261327384,-0.18305822518799847,-0.38030582385388856,-0.38968975474191847,-0.11348544440641413,-0.2275012380719566,-0.07341286778642946,-0.38594611352303965,0.34204027899269923,-0.2261714529812666
2014-02-28,0.2039652514474311,0.16895525285907084,-0.1163553298795531,0.15406396178798623,-0.19084090814941104,-0.38034907406996893,-0.4114415183646859,-0.1167464131295621,-0.23621508452459325,-0.07726763459464175,-0.38373368086716864,0.33448750662685167,-0.22557838369907524
2014-03-31,0.19455429890632306,0.16283358634944262,-0.11192119148665419,0.1474119650503087,-0.19251164554902309,-0.38675024452313067,-0.41360349471275776,-0.12087659283173646,-0.23181610537996614,-0.07596905861352944,-0.3905792075184153,0.3401031859436971,-0.23106942313501605
2014-04-30,0.1966646419492352,0.15543637080470366,-0.11164085745229817,0.142938329427224,-0.1897967908612974,-0.37422829136301144,0.41712930682342003,-0.12212548424393833,-0.22727725496419177,-0.07976608130476848,-0.4035306631204422,0.3437910602101245,-0.23567486747534452
2014-05-30,0.1821070168809987,0.15583589087742797,-0.11370663133340798,0.12884274946498628,-0.19016475066314512,-0.377644516064446,-0.41491251110389415,-0.1252953377240739,-0.22241286835336604,-0.08381752133725981,-0.41359012790252164,0.3532505864155744,-0.23841949187889783
2014-06-30,0.18491292509792337,0.16377164073334147,0.11600980137978782,0.12250585188458393,-0.18487676140676884,-0.3833154466900401,0.39691062119368103,-0.1268697662748951,0.22587062228123153,-0.08636884620676187,-0.39691062119368103,0.3611262882817857,-0.25055080737551777
2014-07-31,0.1934204138304845,0.172263786367132,0.1221140093393006,0.124838028249979,0.18040916145302147,0.3808744242431879,0.3808744242431879,0.12398806800890372,0.22357020554140858,-0.0860337895457389,-0.3808744242431879,0.3673293904948416,-0.2634098744396262
2014-08-29,0.18738859987819506,0.16916116574270892,0.12448550308015117,0.12217554539541335,0.1753823567196397,0.3751449370525759,0.3751449370525759,-0.12567420997823353,0.22639135089101992,0.08910647330846702,-0.3751449370525759,0.3751449370525759,-0.27965504679586783
2014-09-30,0.19124171783947633,0.1733655903370339,0.1278026042393643,0.12710771306349983,0.17618917745900206,0.36520833136103026,0.36520833136103026,-0.1326317562875878,-0.22390904972907544,-0.0952031419781593,-0.36520833136103026,0.36520833136103026,-0.2917159236226801
2014-10-31,0.19419329002654392,0.17726777535027155,0.1232257312652655,0.128393701882702,0.17331992213784064,0.370681156435308,0.370681156435308,-0.1416335349540089,-0.2087989808836725,-0.09848411800054908,0.370681156435308,-0.3545776518188575,-0.28806182437436456
2014-11-28,0.17327425644039054,-0.158700835714683,-0.13135720385958666,0.1251639383986387,0.19126443471640814,0.4123583862785572,0.4123583862785572,-0.15673044343674172,-0.20416849403341528,-0.1076118400481276,0.35508957788655987,-0.32608899507262085,-0.24583320783571305
2014-12-31,0.19600190012865698,-0.17158149661779648,0.13170934007337834,0.13637670964439427,0.20515683537552998,0.42457417527714925,0.42457417527714925,-0.13820628227590345,-0.16313090618498158,-0.09011000906534501,0.3493864423689459,-0.3125632597418186,-0.25662846796895133
2015-01-30,0.18862213008348003,-0.17702469607479232,-0.13834654121495596,0.13848304557337093,0.19635386191648235,0.432568436140667,0.45093121681413,0.13056233704417586,-0.1603956138865007,-0.08230518373894506,0.34847667815801786,-0.31661044460974297,-0.23931981474473885
2015-02-27,0.18621286739548892,-0.1776618564795134,0.14086337563942603,0.14187488433562814,0.1877911155016522,0.4114668013897185,0.4867453867349019,-0.1362502816302451,-0.16154352144323092,-0.08321886922391922,0.3482795784823357,-0.29119620123491013,-0.24689526050903002
2015-03-31,0.19994326038232466,-0.18278394703690476,0.14587945658585513,0.15530067544552234,0.18050051327194724,0.39532749667835465,0.4743775312602741,-0.14551688884764274,-0.15369607804708585,-0.08791126454702719,0.3354650484478051,-0.2798119276882896,-0.26348591176096714
2015-04-30,0.20769519222876295,0.1839757620108593,0.15071742212682585,0.1701811072039805,0.1849682940423535,0.4063757983544564,0.4544341741240558,-0.16261433460604596,-0.15721515700417338,-0.09880924688518779,0.28997042851518734,-0.23570582893068434,-0.2973372539674277
2015-05-29,0.215710259126277,-0.18951902996922013,-0.14953127938784277,0.17094717381439203,0.18198220192117642,0.4188067995657646,0.4488994240866817,-0.15768417452971187,-0.15517563648617666,-0.09759472881081618,0.27660950716648813,-0.22614079837656395,-0.311398986758889
2015-06-30,0.22250198810238456,0.18650799375184982,0.15657217437385865,0.18208483379184984,0.17154776548944092,0.40691371317092495,0.4276501321564878,-0.1672618599732763,-0.15719209146638222,-0.10135526814754706,0.27469119381100043,-0.22401217608856316,-0.32170880967643467
2015-07-31,0.22862237957223377,-0.18084785344453735,-0.16150145840202992,0.1882227685459287,0.1640195568093682,0.3839966912743285,0.4147496567519982,-0.1842582947461977,-0.16519016818970103,-0.11300324167195579,0.27597073728142213,-0.22277607430030913,-0.3168411190099893
2015-08-31,0.22584996015393904,-0.16837099851690868,-0.14370942327717065,0.18943747970426728,0.16418322226052667,0.3882426450666405,0.4291423093148821,-0.18707163896171264,-0.15991717958883284,-0.11687879225252745,0.2840207980779348,-0.22711379466890969,-0.3160617581557478
2015-09-30,0.1708118666325519,-0.1633902394269378,-0.1271880267171589,0.17146682634820476,0.17661777908829687,0.4249984574768939,-0.47600251001394284,-0.20014569659636244,-0.15081181469919458,-0.11882719397285224,0.29308149417662366,-0.23447965413151553,-0.2921784407194649
2015-10-30,0.15868018644996731,-0.14785524691388155,-0.11965965479542373,0.1605508355626436,0.17586842730461255,0.42943436702445914,0.4772175981125378,-0.20210866424844098,-0.1516162597770974,-0.12038504110549697,0.30774708528795897,-0.24247240816399748,-0.30640422525348326
2015-11-30,-0.16174677178005756,-0.1508818746705925,-0.1177429197311199,-0.14924773452163145,0.18118193546358485,0.430340760012641,0.47890909741489657,-0.19835556931026813,-0.15358270366420104,-0.11662961188037158,0.3036198237214791,-0.23983999524573915,-0.3179212025834171
2015-12-31,0.16117774309036795,-0.15331963501052576,-0.11431430030112938,0.1459757529443231,0.18519978288464461,0.438718631725133,-0.4855912869612497,-0.19124587039568816,-0.14837461508167515,0.11983706744717115,0.2986617458475258,-0.23880995103359545,-0.3187736172769699
2016-01-29,0.16146443014092532,0.158496333203333,-0.12140664837524279,0.14866187666262784,-0.185475425808907,0.4393475967167588,0.47530484173008686,-0.18637661814417392,-0.15221225137922004,-0.1184413540871294,0.2904083442909465,-0.23414509621378995,-0.3282591832468588
2016-02-29,0.14823580242826687,-0.14127498039548542,-0.11099204767149626,-0.1312871492300202,-0.19154180900704595,-0.4572812481841088,-0.5006285642892021,-0.1864887209039647,-0.14303913559244175,-0.12174642407431054,0.30708762030910564,-0.24745861701689006,-0.312937880897662
2016-03-31,-0.15202703764426806,-0.14401333130933874,-0.11269317296993182,-0.1350043472283938,-0.19528458626626952,0.4702947174224616,-0.5131784458912528,-0.16233368365583267,-0.14192655104089988,-0.12235543956499444,0.31266279446580836,-0.25534553539273475,0.2828803571478131
2016-04-29,-0.15968178510612785,-0.14521525236355967,-0.11226673741951856,-0.13164830809273023,0.19861432226861134,0.4634431113270207,-0.5122352182013453,0.15557426341230257,-0.14325036715440626,-0.11881637345973553,-0.3147077371593119,0.2588190888949144,0.285727435140416
2016-05-31,0.16843422993607435,-0.14438671811313764,-0.11495608815266779,-0.13650518756095642,0.20350947858981866,0.47396282036751114,0.5251646530620349,0.15385729866923417,-0.13947234343765072,-0.11309652439834073,-0.3235947696513615,0.27178370645417593,0.23127618160703586
2016-06-30,-0.17260638185459345,-0.1464071534585952,-0.11603344714140579,-0.1362352329852205,0.20501091778151798,0.471414207737175,0.5080963232463086,0.154504562183506,-0.13653159791983707,0.11046031825793215,-0.33214421376259484,0.2786030189664999,0.23195262470481356
2016-07-29,0.17619454552292355,-0.11649926454953656,-0.11411250803333295,-0.13827312165671202,0.20878637760577864,0.4690145340337073,0.5547819314712695,0.15368870434022258,-0.1496711766570544,0.11779259856173109,-0.30960735009562756,0.27158785971245775,0.21999002775964602
2016-08-31,0.18834789405571664,-0.12309822778279858,-0.11937098568184354,-0.1448779962385911,0.20405642723199427,0.474226576650953,0.5431475108642994,0.15516954424652898,-0.14610574222315992,0.10861573050520969,-0.3158864523684405,0.2851718341511582,0.1919250779993061
2016-09-30,0.19990440452642835,0.13138761252061487,0.12433253151480737,0.15056499366895892,0.20050704217132123,0.4699648868890444,0.5154428679812004,0.16022545867880472,-0.1429128536170406,0.10725132644794365,-0.3149431861291127,-0.28883334250576564,0.19372949334895703
2016-10-31,0.19121061473397152,0.13197992587166585,0.11664782800640973,0.14375926638919603,0.19902475011989024,0.4824144723750681,0.5007851634038102,0.1667669162831167,-0.1415025803173109,0.10344337886243841,-0.3237278643919711,-0.30316886191167947,0.19556837733347093
2016-11-30,0.19923840920947725,-0.13955488167114297,0.1187165889815052,0.14622006089737094,0.19967104498150545,0.4787040351708964,0.4787040351708964,0.16304701402922056,-0.14614627544881315,0.10046164276491998,-0.32872590701001353,0.3036265834460858,0.19718352121815222
2016-12-30,0.21327345775416232,-0.15602433270680333,0.11815319899889713,0.14605465563055425,0.18170795264238035,0.4531778398910453,0.4643064278212218,0.16599965506659967,0.14173741239486165,0.10042725328245057,-0.3449659392166614,0.3145573661480708,0.19961450844629125
2017-01-31,0.22250655768578922,-0.1642424660750637,0.1207130332753655,0.14962941174475644,0.1860812598344059,0.44770861000147694,0.45781580387282694,0.17118470945566835,0.1492569088058841,0.1004796197179321,0.33111721795645455,-0.29286168743585156,0.2064027141385242
2017-02-28,0.23746644795297717,0.17637257218760874,0.12975334064078187,0.15231199468464116,-0.18730657593601457,-0.43991917259223173,0.4582706102972403,0.17404735480054812,0.15513569627386095,0.10436881770122393,0.3110946483433166,-0.2815702917502853,0.19238247683926996
2017-03-31,0.24323734887667028,0.18221529814957732,0.13218597834327522,0.15015059294606278,-0.18340558365676118,-0.424959272709365,0.45527870363337397,-0.1748676051074998,0.15749546017031021,0.10684580792397765,0.3147700280451781,-0.2822222001389277,-0.1923661202990203
2017-04-28,0.24588958822104764,0.19140955562142037,0.13335719876655425,0.14918541404206276,-0.1867700917065324,-0.4218449144445984,0.4431946906582083,0.1802308351081241,0.16140740265869605,0.10659812361170422,0.3057565703205093,-0.2737222119857874,-0.2006334028547552
2017-05-31,0.24742828849525292,0.18763250660614925,0.13796533687916923,0.1472376016043676,-0.1875595232051411,-0.4189242935885857,0.4359200238497722,-0.1834853779277478,0.16478774100740234,0.11011295374890359,0.30683959309775727,-0.2667879659673512,-0.20531879402240014
2017-06-30,0.24925090629854219,0.1934005616866533,0.13760248484799897,0.14980433346169253,-0.19515330829513086,-0.4261535632863033,0.4261535632863033,0.18216240390420826,0.1509485437255065,0.11093503196141981,0.30688391345629884,-0.26453591381343927,-0.2070154719765034
2017-07-31,0.250138054588582,0.19517835625254643,0.1416052746895092,0.15078024254014702,-0.19579403318873284,-0.4158333089863791,0.4158333089863791,-0.18841054818945108,-0.14707305559669986,-0.11588192975918384,0.3084779478805616,0.2611836541865065,-0.21381028515532227
2017-08-31,0.2594507393759693,0.20614188009209972,0.14412924296345062,0.1551722657771352,-0.19777673572244597,-0.40442351400878207,0.40442351400878207,-0.18817095464834344,-0.14575837799660404,-0.11295916907519593,0.30728469900707195,0.2554912801241699,-0.21881762719994982
2017-09-29,0.2463323826295366,0.2111395932445347,0.14718678938131832,0.15431026926016184,-0.2069969592404757,-0.4012127657522313,0.4012127657522313,-0.18875170559606466,0.14151295125488156,-0.10838692716938796,-0.30858926512506835,0.25809614579175466,-0.22627147980235315
2017-10-31,0.26031861840934345,0.22111536753994482,0.14911377734493084,0.16044723602500663,-0.1985087007963261,-0.3972682487354023,0.3972682487354023,-0.18093802366910136,-0.14790411946706347,-0.1099148056267029,-0.3027797890634967,0.2560870437772225,-0.218336020810057
2017-11-30,0.2681486887947871,0.23243692662990925,0.14864021538333108,0.16537477455126473,-0.20072052511377117,-0.38238159212580575,0.38238159212580575,-0.18408550377377794,0.15059938396396372,-0.11345459461665519,-0.2952393078559773,0.2489645148263856,-0.22757238023856535
2017-12-29,0.2697735125268395,0.2360134984373174,0.14260223247128126,0.16731735564022868,0.19850693403866743,0.37834687985564397,0.37834687985564397,0.1853452262045516,0.15107098800928323,0.10969950976055957,-0.303640349723187,0.2517376988571633,0.22759893461963335
2018-01-31,0.27432778320826073,0.24030821881248618,0.14395492860413026,0.16387931466034975,0.1867613976030774,0.368199078280862,0.368199078280862,0.18738253819838013,0.1502924687607418,0.10998534797900014,-0.31396524700326756,0.26143207433330645,0.23131252427527563
2018-02-28,0.2561039749718239,0.23342621345928935,0.14221769375609922,0.16431006244639862,0.1904820197883217,0.37164261256820275,0.37164261256820275,0.1903726059357759,0.16263897896550977,-0.11121479992021512,-0.309635266594014,0.26061904727631285,-0.2356941117498341
2018-03-29,0.15520809737514568,0.16243729132728288,0.1109132213597039,0.14480264455215672,0.20725190451680017,-0.4211017448108264,0.4211017448108264,0.2066083056533443,0.1735039760642329,-0.12306446112556771,-0.32970136421679674,0.2864044766312489,0.2579007675560677
2018-04-30,0.13955860789701227,0.16258043786473822,0.10634706337290385,0.1363161537437115,0.21541469158374119,-0.4260232084862013,0.4260232084862013,0.20411680600439563,0.1792589301975898,-0.12639050432237975,-0.3294804678498476,0.2877273950532968,0.2607625251379804
2018-05-31,0.1347866082402059,0.1699839092301427,0.10916853254692388,0.13287048906786306,0.2150008903399981,-0.4180565165043546,0.4180565165043546,0.20354841298891693,0.17543903853558712,-0.12270146592235126,-0.33710471828056104,0.2978762079826696,0.26540669385607135
2018-06-29,0.1422368151181621,0.1701209180318504,0.11121818056475001,0.14069225523395165,-0.20293624983194822,-0.41265434284039987,-0.41265434284039987,0.21202276267352915,0.17728563547566173,-0.12886218622013335,-0.3347482802312604,0.28363337224874463,0.2709346586892091
2018-07-31,0.1522598262423358,0.17264098541960854,0.11197656126791353,0.14588912928323472,-0.2088932667324238,-0.40889933979022763,-0.40889933979022763,0.22000697530892996,0.16201023587063207,-0.12682745150511146,0.3266883849687669,0.268649737833143,0.286358765987445
2018-08-31,0.16073973342181067,0.17648235305661822,0.11215537987952401,0.14778253490514742,0.2123332018427938,-0.4025655198671322,-0.4025655198671322,-0.21883448739080985,0.14525511979355898,-0.1280566077735091,0.32564755723665084,-0.27644555944204274,-0.29113642552327007
2018-09-28,0.17432901444675236,0.1715061975288899,-0.10648452354514042,0.15834972053389912,-0.22321005894194193,-0.399608505955039,-0.399608505955039,-0.2019662068364618,0.14699770202830256,-0.11812561107878901,0.3267653587035521,-0.27024392066201663,-0.3028046737841761
2018-10-31,0.18423365164416358,0.17184347481221612,0.10790014088068044,0.16365036354200652,-0.22286942802808365,-0.38901946173866137,-0.38901946173866137,-0.205012497266399,0.1484590225094726,-0.11686875978449614,0.32445873091774474,-0.2679999929541607,0.3086650141832537
2018-11-30,0.14186810688799245,0.15460606288921822,-0.09782145508511485,0.12599022502938853,-0.2220732601573281,-0.4047245958789544,-0.4047245958789544,-0.20439410410736183,0.1446518011011023,-0.12756355792206167,0.35568975536836805,-0.29640827971577144,-0.31948419997838406
2018-12-31,0.13337422626314313,-0.14998352761857045,-0.09315668573529759,-0.11753920531788932,-0.2356375557297455,-0.40762917676117416,-0.40762917676117416,-0.2139434338531275,0.13394114957322356,-0.1265630345680378,0.3486807766346209,-0.29275453064270573,-0.33916752054129035
2019-01-31,0.11030669646332164,-0.14401692880877506,-0.09850766079568136,-0.10144903076901328,-0.233084153171917,-0.4232860345070357,-0.4232860345070357,-0.2200101287035491,-0.1309606143147296,-0.13340025387733162,0.35757908979120556,-0.3024503351485811,-0.3216630391418224
2019-02-28,-0.11142153156300963,-0.14281461335051931,-0.10011141204736144,-0.10212296446835174,0.23623702553020384,0.42463795272631777,-0.42463795272631777,-0.22498544279675886,-0.13492995176431247,-0.13782178704900727,0.34532717590695383,-0.29795454858376696,-0.31699764148711906
2019-03-29,-0.11776100531863347,-0.14680258780900116,-0.10328522213184677,-0.1068897545676739,0.23134890854329437,0.4110267244364855,0.4110267244364855,-0.21700858427564043,-0.13717889138152622,-0.13628494296068042,0.3539215297070864,-0.3081518885577194,-0.31931323587392646
2019-04-30,0.12443724267513037,-0.15284621434263818,-0.10535328194036538,0.1065177986045153,0.22403283659374,0.407413565291048,0.407413565291048,-0.205727187473567,-0.14774591920216895,-0.13043560137081192,0.35509914684383287,-0.30800839043706035,-0.3249692499340734
2019-05-31,0.1315861772119964,-0.15894683565901682,-0.1092096555294978,0.10928722223481448,0.21485863184554937,0.3891224437172978,0.3891224437172978,-0.20715319479702404,-0.15323644790689572,-0.1337495084855619,0.3592307135770505,-0.3128993018342863,-0.33159742348371096
2019-06-28,0.12918542785707066,-0.14939480495567814,-0.10553516260067128,-0.10512881835717419,0.2137339270775775,0.38474311452648446,0.38474311452648446,-0.20826484596046171,-0.13906484203592884,-0.1359291831475763,0.38129362887354007,-0.33881992103051006,-0.32416320905084167
2019-07-31,0.13488672883720906,-0.15473119618238462,-0.1085987639454383,-0.10767137464890959,0.21092062175007795,0.3834606325388566,0.3834606325388566,0.18760641345255225,-0.13473741299327202,-0.13544692966018168,0.37901172757233853,-0.3382468713256488,0.34122069455427384
2019-08-30,0.14603697898085158,-0.16538149565593682,-0.11883650645592553,-0.11475404987164238,0.20819573509179168,0.38360555946576913,0.38360555946576913,0.16029974374488337,-0.13819894927748058,-0.12527646442851503,0.3759718682020593,-0.3394519587815415,0.3403851305778338
2019-09-30,0.12938577614964064,-0.1584885488887901,-0.11512133419370126,-0.10765672835210298,0.17518186299314453,0.40261801065514397,0.4062119029797225,0.16006199509432906,-0.13949832521644345,0.12005372142612797,0.4062119029797225,-0.3732367591698134,0.30627313190131783
2019-10-31,0.1447282113483784,-0.1751284535270571,-0.12687455919752236,-0.1146974393129556,0.16159332865542422,0.37847545794718807,0.39444943922438946,0.15530387897594242,-0.13078347622533265,0.0876548610892163,0.41523176213142354,-0.38512370781184385,0.32995542455332527
2019-11-29,0.14487611292625677,0.16943999801150625,0.13063255546745225,-0.11749099643300606,0.15658381486119388,0.3627640771308341,0.3902888750101375,0.15985371322034175,-0.1381323914376062,0.09137845214254076,0.4053932260679938,-0.3970462057827844,0.33611958150834625
2019-12-31,0.1543976502704618,0.17751443686798965,0.13262350454575447,0.12137690731744398,0.15453958131839404,0.3586664927414675,0.37774594654725996,0.16151921474430816,0.13569952184951214,0.09256745014913095,0.393290658390602,-0.393290658390602,0.34676797686707295
2020-01-31,0.16228257569071056,0.18120789657550934,0.13647692290618169,0.12929323573790621,0.14851232487336183,0.34363315270537675,0.37367914164338584,0.16935381994384252,0.14211315749223785,0.09414615223218203,0.381977558097062,-0.381977558097062,-0.3553465040051813
2020-02-28,0.1603170274215839,0.17247512941773607,0.11725906449081015,0.13293924161492715,0.14813611102649682,0.34757471149403046,0.3807610324768471,0.17482024511067812,0.14104027406616876,0.09486468726217623,0.3807610324768471,-0.3807610324768471,-0.3682904106648512
2020-03-31,0.13221038355804782,0.1498336343301985,0.116276958600091,0.12029788836699166,0.15747147267239617,0.36340686630939806,0.41569118355116674,0.1612810812612007,-0.14349988905875627,0.09159814489772751,0.41569118355116674,-0.41569118355116674,0.3170501302916919
2020-04-30,0.1031712042334689,-0.11348479082886131,-0.10201902681659587,-0.09644223769864702,0.15004375488250282,0.4318821662814096,0.18494884943491563,0.21757937642047667,-0.18720670482275079,0.119549883776136,0.3865153277838512,-0.5486375060283483,0.35851917099203656
2020-05-29,-0.1010288245240809,-0.11157058759364942,-0.10142204594967308,-0.08811394660948656,0.15571875925800158,0.452246223416686,0.18408845575391383,0.2092646468993566,-0.17327026063137985,-0.12042459662954806,0.39851644144303405,-0.5290098861353276,0.3753253251558623
2020-06-30,0.1027259795962317,-0.11142994636947581,-0.10174820405484973,-0.08511440717969704,0.15706064819836804,0.46198522413898935,0.18996758178970352,0.20890646013938877,-0.1631751024449403,0.11749652577557225,0.40389916054933667,-0.5105687028026265,0.38592205696082066
2020-07-31,0.10217164650151687,-0.11019840055285837,-0.1017994241531334,-0.08217757252897738,0.15964093960308015,0.472831671741846,0.19864497249114232,0.2085319736046695,-0.15958678149987374,0.11477573884853343,0.40792133173060585,-0.49493503511777065,0.38678451162599237
2020-08-31,0.10622023972765458,-0.112643392887884,0.10230279079640651,-0.08422756504100398,0.16527847783119134,0.49446318210964774,0.20858582339891668,0.20739153216400186,-0.16236224551911463,0.09222011756788343,0.40762290049111277,0.4722585093529931,-0.3844232231121891
2020-09-30,0.11330033457398583,0.11834799146856989,0.10677088950870461,0.08937805373943648,0.16975001679276522,0.5150810212683694,0.2197121306726963,0.1686241731264468,-0.16714835563577635,0.07038995619839532,-0.4117965670602307,0.4657465620875139,-0.38395394786710885
2020-10-30,0.10982427147901382,0.1185976601296305,0.10753953362735634,0.088187816699318,0.17291240151725315,0.5288014606075376,0.22683753052009198,0.165872674247818,-0.15869351909453888,0.06550780431858465,-0.4102335558308212,0.4509486833429422,0.3960430885850939
2020-11-30,0.1093700030351672,-0.11979812844359303,0.11022596183122654,-0.08906309459540687,0.17429003352029793,0.5312067590351205,0.2380765343416798,0.16660452242923326,-0.15262698395384205,0.06530440777719816,-0.40571918402238766,0.43604837441169697,0.4016660126031497
2020-12-31,0.11396323199618624,-0.11969360579860969,0.1131846021679519,-0.09019484040311573,0.1735910324066582,0.5262278726418973,0.25024350398853923,0.1561122640669553,-0.1555073549711326,0.06661260916708625,-0.41688908481192544,0.4403855260904426,0.3773944714894996
2021-01-29,0.11880077867845402,0.12245905336765835,0.11477685432324869,0.09220710223878913,0.1749229367472797,0.5330949837408441,0.26038927389566335,0.15373666029811148,-0.1575416640862209,0.06535498424463045,-0.4076880325289124,0.4119461626469329,0.3870815132032546
2021-02-26,0.12148956071101238,0.12485888183612769,0.11166773739239988,0.09323427257383675,0.17814369280421016,0.5253279335730329,0.2732007933738057,0.14877527336150045,-0.1555498122927053,0.0637478986853727,-0.4023463074806082,0.4069634279288281,0.39469440798655964
2021-03-31,0.12912566156848362,0.1342182525377619,0.11446456957680862,0.09503979384335104,0.17000641490755902,0.4877759377873767,0.272631633425657,0.14766823238375856,0.15519630887467753,0.06218829149669707,-0.4153358812537979,0.41016747616466237,0.40618154617940894
2021-04-30,0.13369458042761326,0.14297041344715564,0.1092688318723379,0.08958000335309815,-0.17208848345440747,-0.4848984197500552,0.2821468582456726,0.15269754599534485,0.12887486414417598,0.06628501870519518,-0.4151941539005233,0.4015249378664067,0.42077588883801365
2021-05-28,0.13851464677179637,0.14402718547459264,0.11303726737627066,0.09181368345163969,-0.1724912585202713,-0.4753431472990047,0.2882884405098642,0.15540079884921917,0.13137006644304797,0.06893290906707723,-0.40764187502644267,0.3933326809739297,-0.4198060402368435
2021-06-30,0.14026569634975944,0.14354138763515686,0.11409196183329856,0.09231507120499839,-0.1787091930472496,-0.4783943751532099,0.2989586728485009,0.15907902156147255,0.127775914656799,0.07065113384257962,-0.39574178059376214,0.380791325420497,-0.41968446585271596
2021-07-30,0.1496333854320512,0.1485332178936285,0.1202016241979247,0.09686316838403303,-0.17330428858733493,-0.46518755221117836,0.3097919736658961,0.1514742508735147,0.13035624420334527,0.07325732410632663,-0.3914273144782995,0.37287614564540406,-0.4170935103210632
2021-08-31,0.15510770843053542,0.14993119463804336,0.11637760524476976,0.09651262715504424,-0.16626118792485195,-0.4467777889779101,-0.32390348479324205,-0.16118937541149514,0.12072460397553604,0.07712391234639807,-0.40028973853488126,-0.3851959501466814,-0.4006048224206115
2021-09-30,0.16202449896955412,0.15629809225425093,0.11608366042448846,0.09717176927766792,-0.16743798877869145,-0.4379688675485935,0.3290594948949762,-0.1541835814661132,0.11017245965348897,-0.07716735779092841,-0.39818209958863277,-0.38935041269014736,-0.4048997166624665
2021-10-29,0.16020517356773598,0.15425923500225494,0.11842513442822165,0.10017296076493493,-0.16179420213609808,-0.43350012837144264,0.3303419839379899,-0.15122114276921655,0.11535787341902493,0.07621661872711977,-0.40661917734173086,-0.4012192142155891,-0.3906671553186407
2021-11-30,0.16373529095640882,0.16126063542420827,0.12238884836916569,0.10458589041855958,-0.15812833407232177,-0.4282679310426354,0.3285499683872308,-0.15611851426232895,0.11792527021755343,-0.07979050547845133,-0.4072776125105443,-0.39015119035490403,-0.38182000850568737
2021-12-31,0.17648389922363367,0.17453949592354584,0.13496363516113005,0.1118165559358918,-0.15526600910548968,-0.4011613622868291,-0.33466006623253897,-0.17009276365657067,0.11051605408016262,0.09071680664841811,0.41149408476852023,-0.38921169030869207,-0.339077576668577
2022-01-31,0.16103966868841385,0.16924450704711103,-0.13582482739709825,0.10366141234404488,-0.15384542110931573,-0.40405462835234307,-0.3378393023960628,-0.17683404648274303,0.11232066075857096,-0.09391648586109659,0.41537953652045756,-0.3787315999732202,-0.3573079030695223
2022-02-28,0.15278128282972758,0.17511235782686044,-0.13101645811919851,0.09981351041610666,-0.1547909584126961,-0.3998452220892422,-0.3390865430598849,-0.18048096922845203,0.12513072744175432,-0.09572045449496669,0.4047119754049967,-0.3644677004736671,-0.37704184020244674
2022-03-31,0.14329159904445601,0.16044399727513536,-0.1327290685705676,-0.10131434962012266,0.15740222937570267,-0.3724811263009126,-0.3158039392034339,0.1900369450541875,0.13466134019797532,-0.10297504119808135,0.42634028121077583,-0.36328508313114627,-0.3992349998175027
2022-04-29,0.15232080925806923,-0.14635119255215553,-0.11781860979006681,-0.11348006753304031,0.16295969448944517,-0.36002933754960825,-0.31426472354713375,0.18650292436685614,0.10177002681198377,0.11619309060344618,0.4603509382174242,-0.3690639509446982,-0.3988946343360721
2022-05-31,0.14324774583834457,-0.15410186611094384,-0.126273633545136,-0.11589349410578129,-0.1680588634607793,-0.3627574419793119,-0.2942986480707476,0.20082220119093525,0.10979360396692936,-0.12294690183408573,0.46803368059322703,-0.38409670751679637,-0.3496752117869818
2022-06-30,-0.1346114244443347,-0.15294444681411265,-0.1293383851745075,-0.11116831656393591,-0.16764674180426972,-0.36640134159193,-0.3019086019390151,-0.2142284629781386,0.1172216605296492,-0.12389591368328615,0.45117002225756747,-0.3712422351420553,-0.35822244707719764
2022-07-29,-0.13368785784441978,-0.15394939790537332,-0.13632603545307534,-0.11340629716406354,-0.17063558178157737,-0.3493000942943386,-0.30096571581387854,0.22718007213781155,0.12561631861677117,-0.13044705222506747,0.4407363764676357,-0.38578567880420533,-0.33196352149178227
2022-08-31,-0.14022167305745023,-0.15690080676950438,-0.14593112237122718,-0.11912974006660809,-0.1782665815722061,-0.3484166083673286,-0.3067464985574917,-0.23313466645841574,0.11713822425256702,-0.12646587060099745,0.4248442548920587,-0.371333876611106,-0.33147007642303944
2022-09-30,-0.14447593475314432,-0.1632138398489585,-0.15620642325120812,-0.12252437134627768,-0.17444753657418757,-0.3468630355987049,-0.29396999981911326,-0.2397393505283269,0.12218003873093934,-0.12553500864318648,0.42079546355615005,-0.374695497505666,-0.3153534998441369
2022-10-31,-0.15092123092479692,-0.16533097413554973,-0.16655785843213297,-0.12862328779275647,-0.1728443371079846,-0.3332997315494703,-0.2889241438106514,-0.24847824056867526,0.12958830890787065,-0.12472945246890448,0.3982393958989555,-0.3615326531768003,-0.33093038522545204
2022-11-30,-0.14834984996590564,-0.16227633130813235,-0.16220982804006354,-0.12855451855218972,-0.1795162478476143,-0.3467287862171173,-0.29635047336420917,-0.2492252408973507,0.14097702415889551,-0.1162250171252465,0.37983220072666973,-0.35137427635219465,-0.338380205444411
2022-12-30,-0.15414498850780012,-0.16288425573837498,-0.16086702202947506,-0.13450208716344753,-0.18833788588963948,-0.3674993353172403,-0.2963012474777043,-0.24740809463889776,0.15367853073106713,-0.11704922649893716,0.3605309349595634,-0.34656831748571915,-0.3102280735621338
2023-01-31,-0.1597953678106993,-0.17104136187935645,-0.16855387208722347,-0.1389279758792675,-0.18016403525847957,-0.3680923155092527,-0.29796217403356623,-0.2436184107038948,0.15922990159428296,-0.11483785179583354,0.3727267926716711,-0.36674930729566135,-0.2583006334808111
2023-02-28,-0.16292872742697467,-0.17748017520962553,-0.16986357021323487,-0.1412562792255762,-0.17562381264104063,-0.356863231452408,-0.29784378039889503,0.2435096229773504,0.16149326646029263,0.11807668024471436,0.37350649785933,-0.3666526634047539,-0.25490169248580413
2023-03-31,-0.1661803051023717,-0.18214909885667088,-0.17149734991606727,-0.1428423814271425,-0.17688036749531033,-0.35613613074331957,-0.29431491930748,0.23720803907339444,0.16363770636929767,-0.11805159547381422,0.3713036148015352,-0.36523464065032263,-0.2545638507832738
2023-04-28,-0.17257125693153583,-0.1843997319006684,-0.17925501350605033,-0.14198606286591461,-0.17451369229331612,-0.32539915820146814,-0.3077833101762464,-0.2179990660341677,-0.171866261865125,-0.11654821411823191,0.37961868203273463,-0.3627284708809778,-0.26533107919356314
2023-05-31,-0.17486437899117288,0.1882966742703743,-0.18006809094447213,-0.14223586599453222,-0.17314397348898053,-0.3199592455662188,-0.3128781344654864,0.21395296707208228,-0.1730297404289494,-0.11748565163679715,0.38231042330573034,0.3599867306030818,-0.2617881232321219
2023-06-30,0.1787743940628012,0.1904505840920934,-0.17917802712219275,-0.1429473988805417,-0.1700435318275519,-0.3145354399717319,-0.30714883307095253,0.21090829955631588,-0.16501510633045047,0.11476548028450415,0.39104660522894236,0.3716687160901243,-0.2635175834817973
2023-07-31,0.1852470368883592,0.19041143847214156,-0.17818578461348467,0.13963332346352905,-0.17223502210493943,-0.31655136084484553,0.31267517298145775,0.21415988855071838,-0.1616858869462054,0.11317140846185643,0.3786597126534889,0.36601948081037405,-0.2713644832086001
2023-08-31,0.197629915498355,0.19392300669945045,0.17245057917346268,0.1439813328035557,-0.17689669723694848,-0.31789020862181416,-0.3078086553600895,0.22044870757163812,-0.1680550411275777,0.11029988492402448,0.3740969354738294,0.355001997706994,-0.26151703780226015
2023-09-29,0.19563191080491912,0.1896783869289628,0.16850693194435662,0.14765481302301672,-0.1666072883365628,-0.31276468108063965,-0.2952140432080864,0.2292082503911898,-0.1752790930311065,0.10896011203383957,-0.381289454269214,0.36273697031647273,-0.26646806463163314
2023-10-31,0.19275773748510783,0.18887002431137967,0.1672975829106588,0.145978141294443,-0.1602211564615088,0.31691448961254765,0.29364950601933054,0.22860946881103122,0.18053523898288334,0.10887403805043747,-0.38380427230328945,0.36006749374737157,-0.27242085001001104
2023-11-30,0.19574338372281386,0.19195935882917922,0.1736767047433129,-0.14691634731567468,-0.14654726854562294,-0.3068652899762653,0.28264795790919783,0.2135491633011607,-0.17248029935436995,0.10887461917284884,0.40015224891818785,0.3722230653449027,-0.28836429286646376
2023-12-29,0.2053730969062447,0.1975817880728168,-0.17635222254726837,-0.1360135959386074,-0.14452606619837788,-0.3015554623666467,-0.2744321276687829,0.22519449223577545,-0.1713411823309526,0.11370071079928952,0.3907008735545161,0.3659296413687086,-0.29729874001201345
2024-01-31,0.21885569434210494,0.2067086803418442,0.18206426476813725,0.1319217446263105,-0.14593598168886388,0.3076539131149249,0.278144191745679,0.21482386307496765,-0.17506358817767997,0.11209766253393787,0.3911575612002223,0.36809155376017516,-0.26748130062515185
2024-02-29,0.21519690938121983,0.20448191721048836,-0.1756143898651479,0.12791319198301696,-0.14783873385161517,0.31028537603056994,0.2811335668764433,0.21714293705064225,-0.17564805423387223,0.1121780826820184,0.3971580763828878,0.37355143256841145,-0.2618573318836657
2024-03-28,0.21004046954456845,0.2056860986536703,0.17264370038680865,0.11907642251075762,-0.14602883898798197,0.3028413214534079,0.28111492493543644,0.2219706742070399,-0.17972311700872054,0.1104319421168457,0.4007638813967633,0.3836858052939113,-0.2659928035040881
2024-04-30,0.20953658339777873,0.20671768644825986,0.1742411872865977,0.11946605130749811,-0.1496666203233709,-0.3095229237518179,0.2881168276833436,0.20708998891389124,-0.17993082105265926,-0.10429657707131831,0.39930365204553825,0.384626817334175,-0.2674842633837515
2024-05-31,0.20275399353286805,0.20582079078631513,0.1748999278655289,0.12217499491354529,-0.15418761922621935,-0.31319048227026336,0.29116355359475443,0.18269078783961398,0.1919577470874028,-0.09465702408008415,0.40397640766571274,-0.38967228567095713,-0.272854385466735
2024-06-28,0.2075110992744365,0.2028707804383971,0.17472247503359606,0.12610946747173463,-0.159167338976247,-0.32172325781137157,0.29822468119172435,0.17158631931216758,0.185389007921278,0.08058789241090869,0.41063593455513786,0.40620074492085806,-0.25527100068214237
2024-07-31,0.22037466485179205,0.20110915314874664,0.17836230574832326,0.13059375979301016,-0.15391683846924573,-0.31774650129806964,0.30194776275936025,0.1581479916605369,0.18331913328711785,0.07406720368146993,0.4113370769658711,0.4051740252937882,-0.2639035830426689
2024-08-30,0.20344056522632867,0.19510956491072637,0.17265657328831732,0.1210152504612102,-0.15850868704718843,0.3305113142004605,0.3100918368965044,0.15464626242991386,0.18152507053185027,0.07574117383894431,0.42944069459998885,-0.43308096795779083,-0.2342320386107761
2024-09-30,0.18681565086358382,0.18394504956989546,0.16791267348511038,0.11518821173948401,0.16510065003084098,0.34430844214964285,0.33832977932527325,0.16538023722478354,-0.1831235489081586,0.08079948145752616,0.42263581011988094,0.4250440008793711,-0.22141646424644879
2024-10-31,0.18592518130022312,0.17467182618389354,0.14477049076356352,0.11665036063607913,0.1719899085734787,0.36283492842934506,0.3564221395739183,0.16778450241775864,-0.17260203022393214,0.07731993589229298,0.42426400018462546,0.42789274524568255,0.216871950575207
2024-11-29,0.1873973779964801,0.17831625183057587,0.14328694182303167,0.12002646386994789,0.1736983184663011,0.36403961036712684,0.35245681279028346,0.1707612420001151,-0.15152116632708074,0.0746698284571354,0.4337359309120254,0.43653249469775274,0.2135575604621438
2024-12-31,0.2058137015812932,0.19280212098043173,0.1561584084910503,0.12138750405736017,0.17382477202770671,0.38194114403182744,0.3515501073134355,0.16291799714084282,-0.16373126393049292,0.08230762750760978,0.39693282664726115,0.38848430022518804,-0.22214822606550028
2025-01-31,0.19400473129849163,0.1949010613224114,0.15816723556990162,0.11976099107077459,-0.17513633540686627,0.38692927034375135,0.34794921532781764,0.1636784227006109,0.1705615513160828,0.08486847049309117,0.3952636340302861,-0.3827035217037611,-0.2260755594161538
2025-02-28,0.19183652131519568,0.19477086912030195,0.15901287828559796,0.125095681905123,-0.183140829815825,0.39301556857627823,0.3537633121118201,0.16876632773814512,-0.17306679391003993,0.08883952898275771,0.37618555932384606,-0.35426471492101325,-0.23824141399405604
2025-03-31,0.1914361272967468,0.19696628146684875,0.1599119309533661,0.1281808760233717,-0.1786029512836189,0.38725728131171255,0.3587741811081993,0.1698367632956162,0.17637451918070135,0.0946869313299195,0.36954886312199203,-0.3478421474927558,-0.2405811461351504
2025-04-30,0.16798792152276318,0.18281863100634188,0.1539693164390363,0.12422458053477395,0.1859995217663826,0.3968085152395619,0.37657333535407606,0.17555644500814105,0.1903356414928464,0.09870320863327889,0.36532766041739095,-0.32634370445849836,0.2553515181269082
2025-05-30,0.11727869128363407,0.14417154435332036,0.14004660614136977,0.11294194394717336,0.20906386507137342,0.4632659101313763,0.36704517230709355,0.17117783892654823,0.1827737206058057,0.11018567358944392,0.36914195822448953,0.3399126847622658,0.27299439065610537
2025-06-30,0.12428131857097229,0.15545843149190666,0.14836270035231303,-0.1163019836379084,0.21473384316964042,0.46083409834040817,0.3760165056238925,0.15278285980909545,-0.18907410756926904,0.1141107949858733,0.35941040260061896,0.33747216342217984,0.2511607904259213
2025-07-31,0.13157079788601533,0.16089474095186618,0.15103425290644956,0.12043009235912286,-0.2122910236419401,0.4553570386545211,0.3818355027642669,0.15153097500575863,-0.16555538777379133,0.10952463490010525,-0.36208668461042226,0.34272019619458555,0.25516867235115515
2025-08-29,0.1401744167092328,0.16046376751048028,0.15784120164128196,-0.12219614937104277,-0.210303134771757,0.45404274003305417,0.38670212640903273,0.1536161419422824,0.16921590267094905,0.10672317954634294,-0.3518057413664434,0.3317389462626762,0.2551765517654243
2025-09-30,0.14533537386538026,0.16479161186596833,0.1603828504501765,0.11809147182865268,-0.2144587078016523,0.45118119669201207,0.3909792251518771,0.15770205417683533,0.17537285095451416,0.107995673758199,0.34259218556919113,0.3202025960284877,-0.2509142018570534
2025-10-31,0.15247281121022088,0.16949976421321414,0.16498880125379253,0.12024994831828646,-0.2089934303739307,0.454095518737352,0.38932118956332074,0.15454378471556343,0.17300812657234088,0.10414770177027337,0.33733428111544794,0.3177343213367959,-0.25361032081946044
2025-11-28,0.15579182554658144,0.1766101001997762,0.15128261424787426,0.11822726397164893,0.21697713623506515,0.46802317771807184,0.4062434288557908,0.11654300320408434,0.16988809442694944,0.08400931663574267,-0.3510046841499665,0.33471364311263707,0.2506857116958112
2025-12-31,0.15093668722475817,0.16845552037927083,0.14844200132831495,0.11032959342968252,0.2199138660906239,0.4733084786867026,0.40883009912701856,0.11517168128793367,0.16803851551596313,0.07502609364794285,-0.3611596966778953,0.34669009720466815,0.2536976693992247
2026-01-30,0.15630940839331317,0.1742876646259217,0.15259048946390244,0.11224774606647164,0.22127742156766306,0.4585036908723536,0.40827175551891753,0.1108071252039456,0.16432844536424374,0.05679514562538754,-0.37170189086136696,0.36218350526905246,0.2506957111674607
2026-02-27,0.171079430537123,0.18101905510801805,0.15060164342633942,0.1210398067869128,0.23670363628558538,0.47365980952308406,0.4435770368976498,0.08389342072218992,0.15228659972716807,0.034970390525139054,-0.355113550708006,0.34557440654719146,-0.25048121320559275
2026-03-31,0.17019213698220417,0.18031772056512543,0.1445851249477851,0.11804419989742806,-0.2386304901731105,0.46600251221180417,0.46600251221180417,0.07526919963486696,0.13380986698739733,0.03115326235999075,-0.3663191257173375,0.35737482561268885,-0.25229902269845744
2026-04-07,0.17279865010509887,0.14817404791901734,0.11513383039763952,0.12124472024008325,0.24273621681883303,0.499464803998245,0.420678199158749,0.07809720039160033,0.12524345689965724,0.035225070281066716,-0.385795439838309,0.36939936789725814,-0.28600899605444263
